"id","prompt"
"D01","The throne room of Castle Doom was lit only by a sickly green"
"D02","Shuri decrypted the Latverian signal and found nothing but"
"D03","The tower sensors flagged energy readings that were completely off the"
"D04","Security log: the intrusion came in through the rooftop antenna and began working its way"
"D05","The Latverian embassy released a statement denying any involvement in the"
"D06","Yelena rolled her eyes and asked why every single villain needs a"
"D07","Doom's voice echoed across the valley: kneel before your"
"D08","The last satellite image showed Latveria buried under a thick layer of"
"D09","Shang-Chi tightened the rings on his arms and stepped into the"
"D10","Ant-Man shrank down and slipped through a tiny crack in the"
"D11","Rocket counted the ammunition, sighed, and said they would need a much bigger"
"D12","Maintenance note: the virus only chewed through the penthouse levels, and everything below them still"
"D13","Namor rose out of the sea beside the carrier and demanded to speak with"
"D14","Professor X closed his eyes and felt a mind colder than"
"D15","Doom's ultimatum was simple: surrender the tower by sunrise or lose"
"D16","The recovered log shows the AI was halfway through a sentence when the screen went"
"D17","Victor von Doom has exactly one rule, and he has never once"
"D18","Stark's one design rule for the tower: every single floor speaks in F.R.I.D.A.Y.'s"
"D19","Wakandan scouts reported Doombots massing along the northern"
"D20","Doom studied the Avengers roster and slowly crossed off the first"
"D21","The emergency broadcast repeated the same three words over and over:"
"D22","The bridge between the two realities could only hold for another"
"D23","Doom removes his mask for no one, not even"
"D24","Storm clouds gathered over Latveria as the castle cannons turned toward"
"D25","Cassie Lang looked up from the quantum tunnel and said that it was"
"D26","The Sentry's power flickered, and for one terrible second the sky turned"
"D27","Stark protocol seven: if the tower is ever compromised, trust the highest floor that is still"
"D28","Doom's scientists described the virus as elegant, silent and completely"
"D29","The final transmission from the tower ended with a single"
"D30","The quantum lock on Doom's vault opens only for someone of royal"
"D31","When the dust finally settled, the only thing left standing in Latveria was the"
"D32","Thor looked at the ruined sky and said that even Asgard never saw a"
