account_id,cluster_id
A000000,CAM_CLUSTER_BENIGN
A000001,CAM_CLUSTER_BENIGN
A000002,CAM_CLUSTER_BENIGN
A000003,CAM_CLUSTER_BENIGN
A000004,CAM_CLUSTER_MIX
A000005,CAM_CLUSTER_BENIGN
A000006,CAM_CLUSTER_BENIGN
A000007,CAM_CLUSTER_BENIGN
A000008,CAM_CLUSTER_BENIGN
A000009,CAM_CLUSTER_BENIGN
A000010,CAM_CLUSTER_BENIGN
A000011,CAM_CLUSTER_001
A000012,CAM_CLUSTER_BENIGN
A000013,CAM_CLUSTER_BENIGN
A000014,CAM_CLUSTER_BENIGN
A000015,CAM_CLUSTER_BENIGN
A000016,CAM_CLUSTER_BENIGN
A000017,CAM_CLUSTER_BENIGN
A000018,CAM_CLUSTER_BENIGN
A000019,CAM_CLUSTER_BENIGN
A000020,CAM_CLUSTER_BENIGN
A000021,CAM_CLUSTER_MIX
A000022,CAM_CLUSTER_MIX
A000023,CAM_CLUSTER_BENIGN
A000024,CAM_CLUSTER_BENIGN
A000025,CAM_CLUSTER_BENIGN
A000026,CAM_CLUSTER_004
A000027,CAM_CLUSTER_BENIGN
A000028,CAM_CLUSTER_BENIGN
A000029,CAM_CLUSTER_005
A000030,CAM_CLUSTER_BENIGN
A000031,CAM_CLUSTER_BENIGN
A000032,CAM_CLUSTER_BENIGN
A000033,CAM_CLUSTER_BENIGN
A000034,CAM_CLUSTER_BENIGN
A000035,CAM_CLUSTER_BENIGN
A000036,CAM_CLUSTER_BENIGN
A000037,CAM_CLUSTER_BENIGN
A000038,CAM_CLUSTER_BENIGN
A000039,CAM_CLUSTER_BENIGN
A000040,CAM_CLUSTER_BENIGN
A000041,CAM_CLUSTER_BENIGN
A000042,CAM_CLUSTER_BENIGN
A000043,CAM_CLUSTER_MIX
A000044,CAM_CLUSTER_MIX
A000045,CAM_CLUSTER_MIX
A000046,CAM_CLUSTER_BENIGN
A000047,CAM_CLUSTER_MIX
A000048,CAM_CLUSTER_MIX
A000049,CAM_CLUSTER_MIX
A000050,CAM_CLUSTER_MIX
A000051,CAM_CLUSTER_BENIGN
A000052,CAM_CLUSTER_005
A000053,CAM_CLUSTER_BENIGN
A000054,CAM_CLUSTER_BENIGN
A000055,CAM_CLUSTER_BENIGN
A000056,CAM_CLUSTER_BENIGN
A000057,CAM_CLUSTER_BENIGN
A000058,CAM_CLUSTER_BENIGN
A000059,CAM_CLUSTER_BENIGN
A000060,CAM_CLUSTER_BENIGN
A000061,CAM_CLUSTER_BENIGN
A000062,CAM_CLUSTER_BENIGN
A000063,CAM_CLUSTER_007
A000064,CAM_CLUSTER_BENIGN
A000065,CAM_CLUSTER_BENIGN
A000066,CAM_CLUSTER_BENIGN
A000067,CAM_CLUSTER_BENIGN
A000068,CAM_CLUSTER_BENIGN
A000069,CAM_CLUSTER_BENIGN
A000070,CAM_CLUSTER_BENIGN
A000071,CAM_CLUSTER_MIX
A000072,CAM_CLUSTER_MIX
A000073,CAM_CLUSTER_SUS
A000074,CAM_CLUSTER_BENIGN
A000075,CAM_CLUSTER_BENIGN
A000076,CAM_CLUSTER_BENIGN
A000077,CAM_CLUSTER_BENIGN
A000078,CAM_CLUSTER_BENIGN
A000079,CAM_CLUSTER_MIX
A000080,CAM_CLUSTER_000
A000081,CAM_CLUSTER_MIX
A000082,CAM_CLUSTER_BENIGN
A000083,CAM_CLUSTER_MIX
A000084,CAM_CLUSTER_MIX
A000085,CAM_CLUSTER_BENIGN
A000086,CAM_CLUSTER_BENIGN
A000087,CAM_CLUSTER_BENIGN
A000088,CAM_CLUSTER_BENIGN
A000089,CAM_CLUSTER_BENIGN
A000090,CAM_CLUSTER_BENIGN
A000091,CAM_CLUSTER_BENIGN
A000092,CAM_CLUSTER_BENIGN
A000093,CAM_CLUSTER_BENIGN
A000094,CAM_CLUSTER_BENIGN
A000095,CAM_CLUSTER_BENIGN
A000096,CAM_CLUSTER_BENIGN
A000097,CAM_CLUSTER_BENIGN
A000098,CAM_CLUSTER_MIX
A000099,CAM_CLUSTER_BENIGN
A000100,CAM_CLUSTER_BENIGN
A000101,CAM_CLUSTER_BENIGN
A000102,CAM_CLUSTER_BENIGN
A000103,CAM_CLUSTER_BENIGN
A000104,CAM_CLUSTER_BENIGN
A000105,CAM_CLUSTER_BENIGN
A000106,CAM_CLUSTER_BENIGN
A000107,CAM_CLUSTER_BENIGN
A000108,CAM_CLUSTER_BENIGN
A000109,CAM_CLUSTER_SUS
A000110,CAM_CLUSTER_SUS
A000111,CAM_CLUSTER_BENIGN
A000112,CAM_CLUSTER_BENIGN
A000113,CAM_CLUSTER_BENIGN
A000114,CAM_CLUSTER_SUS
A000115,CAM_CLUSTER_005
A000116,CAM_CLUSTER_BENIGN
A000117,CAM_CLUSTER_BENIGN
A000118,CAM_CLUSTER_BENIGN
A000119,CAM_CLUSTER_BENIGN
A000120,CAM_CLUSTER_SUS
A000121,CAM_CLUSTER_BENIGN
A000122,CAM_CLUSTER_BENIGN
A000123,CAM_CLUSTER_000
A000124,CAM_CLUSTER_000
A000125,CAM_CLUSTER_MIX
A000126,CAM_CLUSTER_BENIGN
A000127,CAM_CLUSTER_BENIGN
A000128,CAM_CLUSTER_BENIGN
A000129,CAM_CLUSTER_BENIGN
A000130,CAM_CLUSTER_BENIGN
A000131,CAM_CLUSTER_BENIGN
A000132,CAM_CLUSTER_BENIGN
A000133,CAM_CLUSTER_BENIGN
A000134,CAM_CLUSTER_BENIGN
A000135,CAM_CLUSTER_MIX
A000136,CAM_CLUSTER_BENIGN
A000137,CAM_CLUSTER_BENIGN
A000138,CAM_CLUSTER_BENIGN
A000139,CAM_CLUSTER_BENIGN
A000140,CAM_CLUSTER_BENIGN
A000141,CAM_CLUSTER_BENIGN
A000142,CAM_CLUSTER_BENIGN
A000143,CAM_CLUSTER_BENIGN
A000144,CAM_CLUSTER_BENIGN
A000145,CAM_CLUSTER_BENIGN
A000146,CAM_CLUSTER_MIX
A000147,CAM_CLUSTER_MIX
A000148,CAM_CLUSTER_BENIGN
A000149,CAM_CLUSTER_BENIGN
A000150,CAM_CLUSTER_MIX
A000151,CAM_CLUSTER_MIX
A000152,CAM_CLUSTER_BENIGN
A000153,CAM_CLUSTER_MIX
A000154,CAM_CLUSTER_BENIGN
A000155,CAM_CLUSTER_BENIGN
A000156,CAM_CLUSTER_BENIGN
A000157,CAM_CLUSTER_BENIGN
A000158,CAM_CLUSTER_MIX
A000159,CAM_CLUSTER_MIX
A000160,CAM_CLUSTER_BENIGN
A000161,CAM_CLUSTER_BENIGN
A000162,CAM_CLUSTER_BENIGN
A000163,CAM_CLUSTER_BENIGN
A000164,CAM_CLUSTER_001
A000165,CAM_CLUSTER_BENIGN
A000166,CAM_CLUSTER_BENIGN
A000167,CAM_CLUSTER_BENIGN
A000168,CAM_CLUSTER_SUS
A000169,CAM_CLUSTER_000
A000170,CAM_CLUSTER_BENIGN
A000171,CAM_CLUSTER_MIX
A000172,CAM_CLUSTER_BENIGN
A000173,CAM_CLUSTER_BENIGN
A000174,CAM_CLUSTER_002
A000175,CAM_CLUSTER_BENIGN
A000176,CAM_CLUSTER_007
A000177,CAM_CLUSTER_BENIGN
A000178,CAM_CLUSTER_BENIGN
A000179,CAM_CLUSTER_BENIGN
A000180,CAM_CLUSTER_BENIGN
A000181,CAM_CLUSTER_BENIGN
A000182,CAM_CLUSTER_BENIGN
A000183,CAM_CLUSTER_BENIGN
A000184,CAM_CLUSTER_BENIGN
A000185,CAM_CLUSTER_BENIGN
A000186,CAM_CLUSTER_BENIGN
A000187,CAM_CLUSTER_BENIGN
A000188,CAM_CLUSTER_MIX
A000189,CAM_CLUSTER_BENIGN
A000190,CAM_CLUSTER_BENIGN
A000191,CAM_CLUSTER_BENIGN
A000192,CAM_CLUSTER_BENIGN
A000193,CAM_CLUSTER_BENIGN
A000194,CAM_CLUSTER_BENIGN
A000195,CAM_CLUSTER_BENIGN
A000196,CAM_CLUSTER_BENIGN
A000197,CAM_CLUSTER_BENIGN
A000198,CAM_CLUSTER_BENIGN
A000199,CAM_CLUSTER_BENIGN
A000200,CAM_CLUSTER_BENIGN
A000201,CAM_CLUSTER_BENIGN
A000202,CAM_CLUSTER_BENIGN
A000203,CAM_CLUSTER_SUS
A000204,CAM_CLUSTER_BENIGN
A000205,CAM_CLUSTER_BENIGN
A000206,CAM_CLUSTER_BENIGN
A000207,CAM_CLUSTER_BENIGN
A000208,CAM_CLUSTER_BENIGN
A000209,CAM_CLUSTER_BENIGN
A000210,CAM_CLUSTER_BENIGN
A000211,CAM_CLUSTER_MIX
A000212,CAM_CLUSTER_BENIGN
A000213,CAM_CLUSTER_SUS
A000214,CAM_CLUSTER_SUS
A000215,CAM_CLUSTER_BENIGN
A000216,CAM_CLUSTER_BENIGN
A000217,CAM_CLUSTER_BENIGN
A000218,CAM_CLUSTER_SUS
A000219,CAM_CLUSTER_BENIGN
A000220,CAM_CLUSTER_MIX
A000221,CAM_CLUSTER_MIX
A000222,CAM_CLUSTER_BENIGN
A000223,CAM_CLUSTER_MIX
A000224,CAM_CLUSTER_BENIGN
A000225,CAM_CLUSTER_BENIGN
A000226,CAM_CLUSTER_BENIGN
A000227,CAM_CLUSTER_BENIGN
A000228,CAM_CLUSTER_BENIGN
A000229,CAM_CLUSTER_BENIGN
A000230,CAM_CLUSTER_BENIGN
A000231,CAM_CLUSTER_BENIGN
A000232,CAM_CLUSTER_BENIGN
A000233,CAM_CLUSTER_MIX
A000234,CAM_CLUSTER_MIX
A000235,CAM_CLUSTER_001
A000236,CAM_CLUSTER_BENIGN
A000237,CAM_CLUSTER_BENIGN
A000238,CAM_CLUSTER_BENIGN
A000239,CAM_CLUSTER_BENIGN
A000240,CAM_CLUSTER_BENIGN
A000241,CAM_CLUSTER_BENIGN
A000242,CAM_CLUSTER_BENIGN
A000243,CAM_CLUSTER_BENIGN
A000244,CAM_CLUSTER_BENIGN
A000245,CAM_CLUSTER_BENIGN
A000246,CAM_CLUSTER_BENIGN
A000247,CAM_CLUSTER_BENIGN
A000248,CAM_CLUSTER_BENIGN
A000249,CAM_CLUSTER_MIX
A000250,CAM_CLUSTER_BENIGN
A000251,CAM_CLUSTER_BENIGN
A000252,CAM_CLUSTER_BENIGN
A000253,CAM_CLUSTER_007
A000254,CAM_CLUSTER_SUS
A000255,CAM_CLUSTER_BENIGN
A000256,CAM_CLUSTER_BENIGN
A000257,CAM_CLUSTER_BENIGN
A000258,CAM_CLUSTER_BENIGN
A000259,CAM_CLUSTER_MIX
A000260,CAM_CLUSTER_BENIGN
A000261,CAM_CLUSTER_BENIGN
A000262,CAM_CLUSTER_BENIGN
A000263,CAM_CLUSTER_BENIGN
A000264,CAM_CLUSTER_BENIGN
A000265,CAM_CLUSTER_BENIGN
A000266,CAM_CLUSTER_BENIGN
A000267,CAM_CLUSTER_SUS
A000268,CAM_CLUSTER_SUS
A000269,CAM_CLUSTER_BENIGN
A000270,CAM_CLUSTER_SUS
A000271,CAM_CLUSTER_BENIGN
A000272,CAM_CLUSTER_MIX
A000273,CAM_CLUSTER_MIX
A000274,CAM_CLUSTER_SUS
A000275,CAM_CLUSTER_BENIGN
A000276,CAM_CLUSTER_BENIGN
A000277,CAM_CLUSTER_BENIGN
A000278,CAM_CLUSTER_BENIGN
A000279,CAM_CLUSTER_SUS
A000280,CAM_CLUSTER_BENIGN
A000281,CAM_CLUSTER_SUS
A000282,CAM_CLUSTER_SUS
A000283,CAM_CLUSTER_SUS
A000284,CAM_CLUSTER_SUS
A000285,CAM_CLUSTER_BENIGN
A000286,CAM_CLUSTER_BENIGN
A000287,CAM_CLUSTER_MIX
A000288,CAM_CLUSTER_MIX
A000289,CAM_CLUSTER_BENIGN
A000290,CAM_CLUSTER_BENIGN
A000291,CAM_CLUSTER_BENIGN
A000292,CAM_CLUSTER_BENIGN
A000293,CAM_CLUSTER_MIX
A000294,CAM_CLUSTER_MIX
A000295,CAM_CLUSTER_BENIGN
A000296,CAM_CLUSTER_BENIGN
A000297,CAM_CLUSTER_SUS
A000298,CAM_CLUSTER_SUS
A000299,CAM_CLUSTER_SUS
A000300,CAM_CLUSTER_BENIGN
A000301,CAM_CLUSTER_BENIGN
A000302,CAM_CLUSTER_011
A000303,CAM_CLUSTER_MIX
A000304,CAM_CLUSTER_BENIGN
A000305,CAM_CLUSTER_BENIGN
A000306,CAM_CLUSTER_BENIGN
A000307,CAM_CLUSTER_BENIGN
A000308,CAM_CLUSTER_BENIGN
A000309,CAM_CLUSTER_BENIGN
A000310,CAM_CLUSTER_BENIGN
A000311,CAM_CLUSTER_BENIGN
A000312,CAM_CLUSTER_BENIGN
A000313,CAM_CLUSTER_BENIGN
A000314,CAM_CLUSTER_BENIGN
A000315,CAM_CLUSTER_SUS
A000316,CAM_CLUSTER_SUS
A000317,CAM_CLUSTER_BENIGN
A000318,CAM_CLUSTER_BENIGN
A000319,CAM_CLUSTER_SUS
A000320,CAM_CLUSTER_BENIGN
A000321,CAM_CLUSTER_BENIGN
A000322,CAM_CLUSTER_000
A000323,CAM_CLUSTER_BENIGN
A000324,CAM_CLUSTER_BENIGN
A000325,CAM_CLUSTER_BENIGN
A000326,CAM_CLUSTER_SUS
A000327,CAM_CLUSTER_BENIGN
A000328,CAM_CLUSTER_BENIGN
A000329,CAM_CLUSTER_BENIGN
A000330,CAM_CLUSTER_BENIGN
A000331,CAM_CLUSTER_008
A000332,CAM_CLUSTER_MIX
A000333,CAM_CLUSTER_BENIGN
A000334,CAM_CLUSTER_BENIGN
A000335,CAM_CLUSTER_BENIGN
A000336,CAM_CLUSTER_BENIGN
A000337,CAM_CLUSTER_BENIGN
A000338,CAM_CLUSTER_BENIGN
A000339,CAM_CLUSTER_BENIGN
A000340,CAM_CLUSTER_BENIGN
A000341,CAM_CLUSTER_SUS
A000342,CAM_CLUSTER_BENIGN
A000343,CAM_CLUSTER_BENIGN
A000344,CAM_CLUSTER_SUS
A000345,CAM_CLUSTER_BENIGN
A000346,CAM_CLUSTER_BENIGN
A000347,CAM_CLUSTER_BENIGN
A000348,CAM_CLUSTER_BENIGN
A000349,CAM_CLUSTER_BENIGN
A000350,CAM_CLUSTER_BENIGN
A000351,CAM_CLUSTER_BENIGN
A000352,CAM_CLUSTER_MIX
A000353,CAM_CLUSTER_MIX
A000354,CAM_CLUSTER_BENIGN
A000355,CAM_CLUSTER_SUS
A000356,CAM_CLUSTER_BENIGN
A000357,CAM_CLUSTER_SUS
A000358,CAM_CLUSTER_SUS
A000359,CAM_CLUSTER_BENIGN
A000360,CAM_CLUSTER_BENIGN
A000361,CAM_CLUSTER_BENIGN
A000362,CAM_CLUSTER_BENIGN
A000363,CAM_CLUSTER_BENIGN
A000364,CAM_CLUSTER_BENIGN
A000365,CAM_CLUSTER_MIX
A000366,CAM_CLUSTER_002
A000367,CAM_CLUSTER_BENIGN
A000368,CAM_CLUSTER_002
A000369,CAM_CLUSTER_BENIGN
A000370,CAM_CLUSTER_BENIGN
A000371,CAM_CLUSTER_MIX
A000372,CAM_CLUSTER_BENIGN
A000373,CAM_CLUSTER_BENIGN
A000374,CAM_CLUSTER_BENIGN
A000375,CAM_CLUSTER_BENIGN
A000376,CAM_CLUSTER_BENIGN
A000377,CAM_CLUSTER_BENIGN
A000378,CAM_CLUSTER_BENIGN
A000379,CAM_CLUSTER_005
A000380,CAM_CLUSTER_BENIGN
A000381,CAM_CLUSTER_BENIGN
A000382,CAM_CLUSTER_BENIGN
A000383,CAM_CLUSTER_BENIGN
A000384,CAM_CLUSTER_BENIGN
A000385,CAM_CLUSTER_BENIGN
A000386,CAM_CLUSTER_BENIGN
A000387,CAM_CLUSTER_BENIGN
A000388,CAM_CLUSTER_SUS
A000389,CAM_CLUSTER_BENIGN
A000390,CAM_CLUSTER_BENIGN
A000391,CAM_CLUSTER_BENIGN
A000392,CAM_CLUSTER_MIX
A000393,CAM_CLUSTER_MIX
A000394,CAM_CLUSTER_BENIGN
A000395,CAM_CLUSTER_BENIGN
A000396,CAM_CLUSTER_BENIGN
A000397,CAM_CLUSTER_BENIGN
A000398,CAM_CLUSTER_BENIGN
A000399,CAM_CLUSTER_002
A000400,CAM_CLUSTER_005
A000401,CAM_CLUSTER_BENIGN
A000402,CAM_CLUSTER_BENIGN
A000403,CAM_CLUSTER_BENIGN
A000404,CAM_CLUSTER_BENIGN
A000405,CAM_CLUSTER_MIX
A000406,CAM_CLUSTER_MIX
A000407,CAM_CLUSTER_BENIGN
A000408,CAM_CLUSTER_006
A000409,CAM_CLUSTER_000
A000410,CAM_CLUSTER_BENIGN
A000411,CAM_CLUSTER_BENIGN
A000412,CAM_CLUSTER_BENIGN
A000413,CAM_CLUSTER_BENIGN
A000414,CAM_CLUSTER_BENIGN
A000415,CAM_CLUSTER_BENIGN
A000416,CAM_CLUSTER_002
A000417,CAM_CLUSTER_MIX
A000418,CAM_CLUSTER_BENIGN
A000419,CAM_CLUSTER_MIX
A000420,CAM_CLUSTER_SUS
A000421,CAM_CLUSTER_SUS
A000422,CAM_CLUSTER_BENIGN
A000423,CAM_CLUSTER_BENIGN
A000424,CAM_CLUSTER_BENIGN
A000425,CAM_CLUSTER_BENIGN
A000426,CAM_CLUSTER_BENIGN
A000427,CAM_CLUSTER_SUS
A000428,CAM_CLUSTER_BENIGN
A000429,CAM_CLUSTER_BENIGN
A000430,CAM_CLUSTER_BENIGN
A000431,CAM_CLUSTER_002
A000432,CAM_CLUSTER_BENIGN
A000433,CAM_CLUSTER_BENIGN
A000434,CAM_CLUSTER_BENIGN
A000435,CAM_CLUSTER_BENIGN
A000436,CAM_CLUSTER_BENIGN
A000437,CAM_CLUSTER_BENIGN
A000438,CAM_CLUSTER_BENIGN
A000439,CAM_CLUSTER_BENIGN
A000440,CAM_CLUSTER_BENIGN
A000441,CAM_CLUSTER_BENIGN
A000442,CAM_CLUSTER_BENIGN
A000443,CAM_CLUSTER_BENIGN
A000444,CAM_CLUSTER_BENIGN
A000445,CAM_CLUSTER_MIX
A000446,CAM_CLUSTER_BENIGN
A000447,CAM_CLUSTER_BENIGN
A000448,CAM_CLUSTER_BENIGN
A000449,CAM_CLUSTER_BENIGN
A000450,CAM_CLUSTER_MIX
A000451,CAM_CLUSTER_MIX
A000452,CAM_CLUSTER_BENIGN
A000453,CAM_CLUSTER_BENIGN
A000454,CAM_CLUSTER_BENIGN
A000455,CAM_CLUSTER_BENIGN
A000456,CAM_CLUSTER_BENIGN
A000457,CAM_CLUSTER_BENIGN
A000458,CAM_CLUSTER_BENIGN
A000459,CAM_CLUSTER_BENIGN
A000460,CAM_CLUSTER_SUS
A000461,CAM_CLUSTER_BENIGN
A000462,CAM_CLUSTER_BENIGN
A000463,CAM_CLUSTER_BENIGN
A000464,CAM_CLUSTER_BENIGN
A000465,CAM_CLUSTER_BENIGN
A000466,CAM_CLUSTER_BENIGN
A000467,CAM_CLUSTER_BENIGN
A000468,CAM_CLUSTER_BENIGN
A000469,CAM_CLUSTER_BENIGN
A000470,CAM_CLUSTER_BENIGN
A000471,CAM_CLUSTER_BENIGN
A000472,CAM_CLUSTER_BENIGN
A000473,CAM_CLUSTER_BENIGN
A000474,CAM_CLUSTER_BENIGN
A000475,CAM_CLUSTER_BENIGN
A000476,CAM_CLUSTER_BENIGN
A000477,CAM_CLUSTER_MIX
A000478,CAM_CLUSTER_SUS
A000479,CAM_CLUSTER_BENIGN
A000480,CAM_CLUSTER_BENIGN
A000481,CAM_CLUSTER_MIX
A000482,CAM_CLUSTER_SUS
A000483,CAM_CLUSTER_BENIGN
A000484,CAM_CLUSTER_BENIGN
A000485,CAM_CLUSTER_BENIGN
A000486,CAM_CLUSTER_BENIGN
A000487,CAM_CLUSTER_BENIGN
A000488,CAM_CLUSTER_BENIGN
A000489,CAM_CLUSTER_MIX
A000490,CAM_CLUSTER_BENIGN
A000491,CAM_CLUSTER_SUS
A000492,CAM_CLUSTER_BENIGN
A000493,CAM_CLUSTER_BENIGN
A000494,CAM_CLUSTER_BENIGN
A000495,CAM_CLUSTER_BENIGN
A000496,CAM_CLUSTER_BENIGN
A000497,CAM_CLUSTER_BENIGN
A000498,CAM_CLUSTER_BENIGN
A000499,CAM_CLUSTER_BENIGN
A000500,CAM_CLUSTER_BENIGN
A000501,CAM_CLUSTER_BENIGN
A000502,CAM_CLUSTER_001
A000503,CAM_CLUSTER_BENIGN
A000504,CAM_CLUSTER_MIX
A000505,CAM_CLUSTER_BENIGN
A000506,CAM_CLUSTER_BENIGN
A000507,CAM_CLUSTER_BENIGN
A000508,CAM_CLUSTER_BENIGN
A000509,CAM_CLUSTER_BENIGN
A000510,CAM_CLUSTER_BENIGN
A000511,CAM_CLUSTER_BENIGN
A000512,CAM_CLUSTER_MIX
A000513,CAM_CLUSTER_BENIGN
A000514,CAM_CLUSTER_BENIGN
A000515,CAM_CLUSTER_BENIGN
A000516,CAM_CLUSTER_BENIGN
A000517,CAM_CLUSTER_BENIGN
A000518,CAM_CLUSTER_BENIGN
A000519,CAM_CLUSTER_BENIGN
A000520,CAM_CLUSTER_BENIGN
A000521,CAM_CLUSTER_BENIGN
A000522,CAM_CLUSTER_002
A000523,CAM_CLUSTER_BENIGN
A000524,CAM_CLUSTER_BENIGN
A000525,CAM_CLUSTER_011
A000526,CAM_CLUSTER_BENIGN
A000527,CAM_CLUSTER_BENIGN
A000528,CAM_CLUSTER_BENIGN
A000529,CAM_CLUSTER_BENIGN
A000530,CAM_CLUSTER_BENIGN
A000531,CAM_CLUSTER_BENIGN
A000532,CAM_CLUSTER_BENIGN
A000533,CAM_CLUSTER_BENIGN
A000534,CAM_CLUSTER_BENIGN
A000535,CAM_CLUSTER_MIX
A000536,CAM_CLUSTER_BENIGN
A000537,CAM_CLUSTER_BENIGN
A000538,CAM_CLUSTER_BENIGN
A000539,CAM_CLUSTER_BENIGN
A000540,CAM_CLUSTER_BENIGN
A000541,CAM_CLUSTER_BENIGN
A000542,CAM_CLUSTER_BENIGN
A000543,CAM_CLUSTER_BENIGN
A000544,CAM_CLUSTER_BENIGN
A000545,CAM_CLUSTER_BENIGN
A000546,CAM_CLUSTER_BENIGN
A000547,CAM_CLUSTER_BENIGN
A000548,CAM_CLUSTER_SUS
A000549,CAM_CLUSTER_BENIGN
A000550,CAM_CLUSTER_BENIGN
A000551,CAM_CLUSTER_BENIGN
A000552,CAM_CLUSTER_BENIGN
A000553,CAM_CLUSTER_BENIGN
A000554,CAM_CLUSTER_BENIGN
A000555,CAM_CLUSTER_BENIGN
A000556,CAM_CLUSTER_BENIGN
A000557,CAM_CLUSTER_BENIGN
A000558,CAM_CLUSTER_BENIGN
A000559,CAM_CLUSTER_BENIGN
A000560,CAM_CLUSTER_BENIGN
A000561,CAM_CLUSTER_BENIGN
A000562,CAM_CLUSTER_BENIGN
A000563,CAM_CLUSTER_BENIGN
A000564,CAM_CLUSTER_BENIGN
A000565,CAM_CLUSTER_BENIGN
A000566,CAM_CLUSTER_BENIGN
A000567,CAM_CLUSTER_BENIGN
A000568,CAM_CLUSTER_MIX
A000569,CAM_CLUSTER_BENIGN
A000570,CAM_CLUSTER_BENIGN
A000571,CAM_CLUSTER_BENIGN
A000572,CAM_CLUSTER_BENIGN
A000573,CAM_CLUSTER_006
A000574,CAM_CLUSTER_BENIGN
A000575,CAM_CLUSTER_BENIGN
A000576,CAM_CLUSTER_BENIGN
A000577,CAM_CLUSTER_BENIGN
A000578,CAM_CLUSTER_BENIGN
A000579,CAM_CLUSTER_BENIGN
A000580,CAM_CLUSTER_BENIGN
A000581,CAM_CLUSTER_MIX
A000582,CAM_CLUSTER_BENIGN
A000583,CAM_CLUSTER_BENIGN
A000584,CAM_CLUSTER_BENIGN
A000585,CAM_CLUSTER_BENIGN
A000586,CAM_CLUSTER_BENIGN
A000587,CAM_CLUSTER_BENIGN
A000588,CAM_CLUSTER_BENIGN
A000589,CAM_CLUSTER_BENIGN
A000590,CAM_CLUSTER_BENIGN
A000591,CAM_CLUSTER_MIX
A000592,CAM_CLUSTER_MIX
A000593,CAM_CLUSTER_BENIGN
A000594,CAM_CLUSTER_BENIGN
A000595,CAM_CLUSTER_BENIGN
A000596,CAM_CLUSTER_008
A000597,CAM_CLUSTER_BENIGN
A000598,CAM_CLUSTER_BENIGN
A000599,CAM_CLUSTER_SUS
A000600,CAM_CLUSTER_BENIGN
A000601,CAM_CLUSTER_BENIGN
A000602,CAM_CLUSTER_BENIGN
A000603,CAM_CLUSTER_BENIGN
A000604,CAM_CLUSTER_BENIGN
A000605,CAM_CLUSTER_BENIGN
A000606,CAM_CLUSTER_BENIGN
A000607,CAM_CLUSTER_BENIGN
A000608,CAM_CLUSTER_BENIGN
A000609,CAM_CLUSTER_BENIGN
A000610,CAM_CLUSTER_BENIGN
A000611,CAM_CLUSTER_BENIGN
A000612,CAM_CLUSTER_BENIGN
A000613,CAM_CLUSTER_BENIGN
A000614,CAM_CLUSTER_BENIGN
A000615,CAM_CLUSTER_MIX
A000616,CAM_CLUSTER_BENIGN
A000617,CAM_CLUSTER_BENIGN
A000618,CAM_CLUSTER_BENIGN
A000619,CAM_CLUSTER_BENIGN
A000620,CAM_CLUSTER_BENIGN
A000621,CAM_CLUSTER_BENIGN
A000622,CAM_CLUSTER_SUS
A000623,CAM_CLUSTER_SUS
A000624,CAM_CLUSTER_SUS
A000625,CAM_CLUSTER_BENIGN
A000626,CAM_CLUSTER_BENIGN
A000627,CAM_CLUSTER_BENIGN
A000628,CAM_CLUSTER_BENIGN
A000629,CAM_CLUSTER_BENIGN
A000630,CAM_CLUSTER_BENIGN
A000631,CAM_CLUSTER_BENIGN
A000632,CAM_CLUSTER_BENIGN
A000633,CAM_CLUSTER_BENIGN
A000634,CAM_CLUSTER_BENIGN
A000635,CAM_CLUSTER_BENIGN
A000636,CAM_CLUSTER_BENIGN
A000637,CAM_CLUSTER_BENIGN
A000638,CAM_CLUSTER_BENIGN
A000639,CAM_CLUSTER_SUS
A000640,CAM_CLUSTER_BENIGN
A000641,CAM_CLUSTER_BENIGN
A000642,CAM_CLUSTER_BENIGN
A000643,CAM_CLUSTER_BENIGN
A000644,CAM_CLUSTER_BENIGN
A000645,CAM_CLUSTER_BENIGN
A000646,CAM_CLUSTER_BENIGN
A000647,CAM_CLUSTER_BENIGN
A000648,CAM_CLUSTER_BENIGN
A000649,CAM_CLUSTER_BENIGN
A000650,CAM_CLUSTER_SUS
A000651,CAM_CLUSTER_SUS
A000652,CAM_CLUSTER_BENIGN
A000653,CAM_CLUSTER_BENIGN
A000654,CAM_CLUSTER_BENIGN
A000655,CAM_CLUSTER_BENIGN
A000656,CAM_CLUSTER_BENIGN
A000657,CAM_CLUSTER_BENIGN
A000658,CAM_CLUSTER_BENIGN
A000659,CAM_CLUSTER_BENIGN
A000660,CAM_CLUSTER_BENIGN
A000661,CAM_CLUSTER_BENIGN
A000662,CAM_CLUSTER_BENIGN
A000663,CAM_CLUSTER_BENIGN
A000664,CAM_CLUSTER_BENIGN
A000665,CAM_CLUSTER_BENIGN
A000666,CAM_CLUSTER_BENIGN
A000667,CAM_CLUSTER_BENIGN
A000668,CAM_CLUSTER_BENIGN
A000669,CAM_CLUSTER_BENIGN
A000670,CAM_CLUSTER_BENIGN
A000671,CAM_CLUSTER_BENIGN
A000672,CAM_CLUSTER_BENIGN
A000673,CAM_CLUSTER_BENIGN
A000674,CAM_CLUSTER_BENIGN
A000675,CAM_CLUSTER_BENIGN
A000676,CAM_CLUSTER_BENIGN
A000677,CAM_CLUSTER_BENIGN
A000678,CAM_CLUSTER_BENIGN
A000679,CAM_CLUSTER_MIX
A000680,CAM_CLUSTER_BENIGN
A000681,CAM_CLUSTER_BENIGN
A000682,CAM_CLUSTER_BENIGN
A000683,CAM_CLUSTER_BENIGN
A000684,CAM_CLUSTER_SUS
A000685,CAM_CLUSTER_BENIGN
A000686,CAM_CLUSTER_001
A000687,CAM_CLUSTER_BENIGN
A000688,CAM_CLUSTER_BENIGN
A000689,CAM_CLUSTER_BENIGN
A000690,CAM_CLUSTER_MIX
A000691,CAM_CLUSTER_MIX
A000692,CAM_CLUSTER_BENIGN
A000693,CAM_CLUSTER_BENIGN
A000694,CAM_CLUSTER_BENIGN
A000695,CAM_CLUSTER_BENIGN
A000696,CAM_CLUSTER_BENIGN
A000697,CAM_CLUSTER_BENIGN
A000698,CAM_CLUSTER_BENIGN
A000699,CAM_CLUSTER_BENIGN
A000700,CAM_CLUSTER_SUS
A000701,CAM_CLUSTER_BENIGN
A000702,CAM_CLUSTER_BENIGN
A000703,CAM_CLUSTER_BENIGN
A000704,CAM_CLUSTER_BENIGN
A000705,CAM_CLUSTER_BENIGN
A000706,CAM_CLUSTER_BENIGN
A000707,CAM_CLUSTER_BENIGN
A000708,CAM_CLUSTER_001
A000709,CAM_CLUSTER_SUS
A000710,CAM_CLUSTER_SUS
A000711,CAM_CLUSTER_BENIGN
A000712,CAM_CLUSTER_BENIGN
A000713,CAM_CLUSTER_BENIGN
A000714,CAM_CLUSTER_001
A000715,CAM_CLUSTER_BENIGN
A000716,CAM_CLUSTER_BENIGN
A000717,CAM_CLUSTER_BENIGN
A000718,CAM_CLUSTER_BENIGN
A000719,CAM_CLUSTER_MIX
A000720,CAM_CLUSTER_002
A000721,CAM_CLUSTER_BENIGN
A000722,CAM_CLUSTER_BENIGN
A000723,CAM_CLUSTER_BENIGN
A000724,CAM_CLUSTER_BENIGN
A000725,CAM_CLUSTER_BENIGN
A000726,CAM_CLUSTER_SUS
A000727,CAM_CLUSTER_009
A000728,CAM_CLUSTER_BENIGN
A000729,CAM_CLUSTER_BENIGN
A000730,CAM_CLUSTER_BENIGN
A000731,CAM_CLUSTER_BENIGN
A000732,CAM_CLUSTER_BENIGN
A000733,CAM_CLUSTER_BENIGN
A000734,CAM_CLUSTER_BENIGN
A000735,CAM_CLUSTER_000
A000736,CAM_CLUSTER_BENIGN
A000737,CAM_CLUSTER_008
A000738,CAM_CLUSTER_BENIGN
A000739,CAM_CLUSTER_BENIGN
A000740,CAM_CLUSTER_BENIGN
A000741,CAM_CLUSTER_BENIGN
A000742,CAM_CLUSTER_BENIGN
A000743,CAM_CLUSTER_BENIGN
A000744,CAM_CLUSTER_BENIGN
A000745,CAM_CLUSTER_MIX
A000746,CAM_CLUSTER_MIX
A000747,CAM_CLUSTER_SUS
A000748,CAM_CLUSTER_BENIGN
A000749,CAM_CLUSTER_BENIGN
A000750,CAM_CLUSTER_BENIGN
A000751,CAM_CLUSTER_BENIGN
A000752,CAM_CLUSTER_SUS
A000753,CAM_CLUSTER_BENIGN
A000754,CAM_CLUSTER_000
A000755,CAM_CLUSTER_BENIGN
A000756,CAM_CLUSTER_BENIGN
A000757,CAM_CLUSTER_BENIGN
A000758,CAM_CLUSTER_BENIGN
A000759,CAM_CLUSTER_BENIGN
A000760,CAM_CLUSTER_002
A000761,CAM_CLUSTER_BENIGN
A000762,CAM_CLUSTER_BENIGN
A000763,CAM_CLUSTER_BENIGN
A000764,CAM_CLUSTER_BENIGN
A000765,CAM_CLUSTER_BENIGN
A000766,CAM_CLUSTER_BENIGN
A000767,CAM_CLUSTER_BENIGN
A000768,CAM_CLUSTER_BENIGN
A000769,CAM_CLUSTER_BENIGN
A000770,CAM_CLUSTER_BENIGN
A000771,CAM_CLUSTER_MIX
A000772,CAM_CLUSTER_MIX
A000773,CAM_CLUSTER_BENIGN
A000774,CAM_CLUSTER_BENIGN
A000775,CAM_CLUSTER_BENIGN
A000776,CAM_CLUSTER_BENIGN
A000777,CAM_CLUSTER_SUS
A000778,CAM_CLUSTER_BENIGN
A000779,CAM_CLUSTER_BENIGN
A000780,CAM_CLUSTER_BENIGN
A000781,CAM_CLUSTER_BENIGN
A000782,CAM_CLUSTER_MIX
A000783,CAM_CLUSTER_BENIGN
A000784,CAM_CLUSTER_BENIGN
A000785,CAM_CLUSTER_BENIGN
A000786,CAM_CLUSTER_SUS
A000787,CAM_CLUSTER_SUS
A000788,CAM_CLUSTER_MIX
A000789,CAM_CLUSTER_BENIGN
A000790,CAM_CLUSTER_BENIGN
A000791,CAM_CLUSTER_BENIGN
A000792,CAM_CLUSTER_010
A000793,CAM_CLUSTER_BENIGN
A000794,CAM_CLUSTER_BENIGN
A000795,CAM_CLUSTER_BENIGN
A000796,CAM_CLUSTER_BENIGN
A000797,CAM_CLUSTER_008
A000798,CAM_CLUSTER_BENIGN
A000799,CAM_CLUSTER_BENIGN
A000800,CAM_CLUSTER_BENIGN
A000801,CAM_CLUSTER_BENIGN
A000802,CAM_CLUSTER_MIX
A000803,CAM_CLUSTER_MIX
A000804,CAM_CLUSTER_BENIGN
A000805,CAM_CLUSTER_MIX
A000806,CAM_CLUSTER_BENIGN
A000807,CAM_CLUSTER_000
A000808,CAM_CLUSTER_BENIGN
A000809,CAM_CLUSTER_BENIGN
A000810,CAM_CLUSTER_BENIGN
A000811,CAM_CLUSTER_BENIGN
A000812,CAM_CLUSTER_BENIGN
A000813,CAM_CLUSTER_MIX
A000814,CAM_CLUSTER_BENIGN
A000815,CAM_CLUSTER_BENIGN
A000816,CAM_CLUSTER_MIX
A000817,CAM_CLUSTER_BENIGN
A000818,CAM_CLUSTER_BENIGN
A000819,CAM_CLUSTER_BENIGN
A000820,CAM_CLUSTER_BENIGN
A000821,CAM_CLUSTER_BENIGN
A000822,CAM_CLUSTER_BENIGN
A000823,CAM_CLUSTER_BENIGN
A000824,CAM_CLUSTER_BENIGN
A000825,CAM_CLUSTER_BENIGN
A000826,CAM_CLUSTER_BENIGN
A000827,CAM_CLUSTER_BENIGN
A000828,CAM_CLUSTER_BENIGN
A000829,CAM_CLUSTER_BENIGN
A000830,CAM_CLUSTER_BENIGN
A000831,CAM_CLUSTER_BENIGN
A000832,CAM_CLUSTER_BENIGN
A000833,CAM_CLUSTER_BENIGN
A000834,CAM_CLUSTER_BENIGN
A000835,CAM_CLUSTER_BENIGN
A000836,CAM_CLUSTER_BENIGN
A000837,CAM_CLUSTER_006
A000838,CAM_CLUSTER_BENIGN
A000839,CAM_CLUSTER_BENIGN
A000840,CAM_CLUSTER_BENIGN
A000841,CAM_CLUSTER_BENIGN
A000842,CAM_CLUSTER_BENIGN
A000843,CAM_CLUSTER_MIX
A000844,CAM_CLUSTER_BENIGN
A000845,CAM_CLUSTER_MIX
A000846,CAM_CLUSTER_BENIGN
A000847,CAM_CLUSTER_BENIGN
A000848,CAM_CLUSTER_BENIGN
A000849,CAM_CLUSTER_BENIGN
A000850,CAM_CLUSTER_MIX
A000851,CAM_CLUSTER_BENIGN
A000852,CAM_CLUSTER_BENIGN
A000853,CAM_CLUSTER_BENIGN
A000854,CAM_CLUSTER_BENIGN
A000855,CAM_CLUSTER_BENIGN
A000856,CAM_CLUSTER_BENIGN
A000857,CAM_CLUSTER_000
A000858,CAM_CLUSTER_006
A000859,CAM_CLUSTER_BENIGN
A000860,CAM_CLUSTER_BENIGN
A000861,CAM_CLUSTER_BENIGN
A000862,CAM_CLUSTER_BENIGN
A000863,CAM_CLUSTER_BENIGN
A000864,CAM_CLUSTER_BENIGN
A000865,CAM_CLUSTER_BENIGN
A000866,CAM_CLUSTER_BENIGN
A000867,CAM_CLUSTER_BENIGN
A000868,CAM_CLUSTER_BENIGN
A000869,CAM_CLUSTER_001
A000870,CAM_CLUSTER_SUS
A000871,CAM_CLUSTER_BENIGN
A000872,CAM_CLUSTER_BENIGN
A000873,CAM_CLUSTER_BENIGN
A000874,CAM_CLUSTER_BENIGN
A000875,CAM_CLUSTER_SUS
A000876,CAM_CLUSTER_BENIGN
A000877,CAM_CLUSTER_BENIGN
A000878,CAM_CLUSTER_MIX
A000879,CAM_CLUSTER_010
A000880,CAM_CLUSTER_SUS
A000881,CAM_CLUSTER_BENIGN
A000882,CAM_CLUSTER_BENIGN
A000883,CAM_CLUSTER_BENIGN
A000884,CAM_CLUSTER_SUS
A000885,CAM_CLUSTER_SUS
A000886,CAM_CLUSTER_BENIGN
A000887,CAM_CLUSTER_BENIGN
A000888,CAM_CLUSTER_BENIGN
A000889,CAM_CLUSTER_BENIGN
A000890,CAM_CLUSTER_BENIGN
A000891,CAM_CLUSTER_BENIGN
A000892,CAM_CLUSTER_BENIGN
A000893,CAM_CLUSTER_002
A000894,CAM_CLUSTER_MIX
A000895,CAM_CLUSTER_MIX
A000896,CAM_CLUSTER_BENIGN
A000897,CAM_CLUSTER_BENIGN
A000898,CAM_CLUSTER_BENIGN
A000899,CAM_CLUSTER_BENIGN
A000900,CAM_CLUSTER_BENIGN
A000901,CAM_CLUSTER_BENIGN
A000902,CAM_CLUSTER_BENIGN
A000903,CAM_CLUSTER_BENIGN
A000904,CAM_CLUSTER_BENIGN
A000905,CAM_CLUSTER_BENIGN
A000906,CAM_CLUSTER_BENIGN
A000907,CAM_CLUSTER_BENIGN
A000908,CAM_CLUSTER_BENIGN
A000909,CAM_CLUSTER_BENIGN
A000910,CAM_CLUSTER_BENIGN
A000911,CAM_CLUSTER_BENIGN
A000912,CAM_CLUSTER_BENIGN
A000913,CAM_CLUSTER_BENIGN
A000914,CAM_CLUSTER_BENIGN
A000915,CAM_CLUSTER_001
A000916,CAM_CLUSTER_BENIGN
A000917,CAM_CLUSTER_BENIGN
A000918,CAM_CLUSTER_BENIGN
A000919,CAM_CLUSTER_BENIGN
A000920,CAM_CLUSTER_BENIGN
A000921,CAM_CLUSTER_BENIGN
A000922,CAM_CLUSTER_BENIGN
A000923,CAM_CLUSTER_BENIGN
A000924,CAM_CLUSTER_BENIGN
A000925,CAM_CLUSTER_SUS
A000926,CAM_CLUSTER_SUS
A000927,CAM_CLUSTER_BENIGN
A000928,CAM_CLUSTER_SUS
A000929,CAM_CLUSTER_BENIGN
A000930,CAM_CLUSTER_BENIGN
A000931,CAM_CLUSTER_BENIGN
A000932,CAM_CLUSTER_BENIGN
A000933,CAM_CLUSTER_BENIGN
A000934,CAM_CLUSTER_MIX
A000935,CAM_CLUSTER_BENIGN
A000936,CAM_CLUSTER_BENIGN
A000937,CAM_CLUSTER_BENIGN
A000938,CAM_CLUSTER_BENIGN
A000939,CAM_CLUSTER_BENIGN
A000940,CAM_CLUSTER_BENIGN
A000941,CAM_CLUSTER_BENIGN
A000942,CAM_CLUSTER_BENIGN
A000943,CAM_CLUSTER_BENIGN
A000944,CAM_CLUSTER_000
A000945,CAM_CLUSTER_BENIGN
A000946,CAM_CLUSTER_BENIGN
A000947,CAM_CLUSTER_BENIGN
A000948,CAM_CLUSTER_BENIGN
A000949,CAM_CLUSTER_BENIGN
A000950,CAM_CLUSTER_BENIGN
A000951,CAM_CLUSTER_BENIGN
A000952,CAM_CLUSTER_BENIGN
A000953,CAM_CLUSTER_BENIGN
A000954,CAM_CLUSTER_BENIGN
A000955,CAM_CLUSTER_BENIGN
A000956,CAM_CLUSTER_BENIGN
A000957,CAM_CLUSTER_001
A000958,CAM_CLUSTER_BENIGN
A000959,CAM_CLUSTER_BENIGN
A000960,CAM_CLUSTER_BENIGN
A000961,CAM_CLUSTER_BENIGN
A000962,CAM_CLUSTER_BENIGN
A000963,CAM_CLUSTER_BENIGN
A000964,CAM_CLUSTER_BENIGN
A000965,CAM_CLUSTER_BENIGN
A000966,CAM_CLUSTER_BENIGN
A000967,CAM_CLUSTER_BENIGN
A000968,CAM_CLUSTER_BENIGN
A000969,CAM_CLUSTER_BENIGN
A000970,CAM_CLUSTER_BENIGN
A000971,CAM_CLUSTER_MIX
A000972,CAM_CLUSTER_BENIGN
A000973,CAM_CLUSTER_BENIGN
A000974,CAM_CLUSTER_BENIGN
A000975,CAM_CLUSTER_BENIGN
A000976,CAM_CLUSTER_BENIGN
A000977,CAM_CLUSTER_BENIGN
A000978,CAM_CLUSTER_BENIGN
A000979,CAM_CLUSTER_BENIGN
A000980,CAM_CLUSTER_BENIGN
A000981,CAM_CLUSTER_BENIGN
A000982,CAM_CLUSTER_BENIGN
A000983,CAM_CLUSTER_BENIGN
A000984,CAM_CLUSTER_005
A000985,CAM_CLUSTER_BENIGN
A000986,CAM_CLUSTER_BENIGN
A000987,CAM_CLUSTER_BENIGN
A000988,CAM_CLUSTER_BENIGN
A000989,CAM_CLUSTER_BENIGN
A000990,CAM_CLUSTER_BENIGN
A000991,CAM_CLUSTER_MIX
A000992,CAM_CLUSTER_MIX
A000993,CAM_CLUSTER_BENIGN
A000994,CAM_CLUSTER_BENIGN
A000995,CAM_CLUSTER_BENIGN
A000996,CAM_CLUSTER_MIX
A000997,CAM_CLUSTER_BENIGN
A000998,CAM_CLUSTER_BENIGN
A000999,CAM_CLUSTER_BENIGN
A001000,CAM_CLUSTER_BENIGN
A001001,CAM_CLUSTER_BENIGN
A001002,CAM_CLUSTER_BENIGN
A001003,CAM_CLUSTER_BENIGN
A001004,CAM_CLUSTER_BENIGN
A001005,CAM_CLUSTER_BENIGN
A001006,CAM_CLUSTER_BENIGN
A001007,CAM_CLUSTER_BENIGN
A001008,CAM_CLUSTER_BENIGN
A001009,CAM_CLUSTER_BENIGN
A001010,CAM_CLUSTER_SUS
A001011,CAM_CLUSTER_BENIGN
A001012,CAM_CLUSTER_BENIGN
A001013,CAM_CLUSTER_BENIGN
A001014,CAM_CLUSTER_BENIGN
A001015,CAM_CLUSTER_BENIGN
A001016,CAM_CLUSTER_BENIGN
A001017,CAM_CLUSTER_BENIGN
A001018,CAM_CLUSTER_BENIGN
A001019,CAM_CLUSTER_BENIGN
A001020,CAM_CLUSTER_BENIGN
A001021,CAM_CLUSTER_MIX
A001022,CAM_CLUSTER_MIX
A001023,CAM_CLUSTER_MIX
A001024,CAM_CLUSTER_MIX
A001025,CAM_CLUSTER_BENIGN
A001026,CAM_CLUSTER_SUS
A001027,CAM_CLUSTER_MIX
A001028,CAM_CLUSTER_BENIGN
A001029,CAM_CLUSTER_BENIGN
A001030,CAM_CLUSTER_BENIGN
A001031,CAM_CLUSTER_BENIGN
A001032,CAM_CLUSTER_BENIGN
A001033,CAM_CLUSTER_BENIGN
A001034,CAM_CLUSTER_MIX
A001035,CAM_CLUSTER_BENIGN
A001036,CAM_CLUSTER_BENIGN
A001037,CAM_CLUSTER_000
A001038,CAM_CLUSTER_BENIGN
A001039,CAM_CLUSTER_BENIGN
A001040,CAM_CLUSTER_BENIGN
A001041,CAM_CLUSTER_BENIGN
A001042,CAM_CLUSTER_BENIGN
A001043,CAM_CLUSTER_BENIGN
A001044,CAM_CLUSTER_BENIGN
A001045,CAM_CLUSTER_BENIGN
A001046,CAM_CLUSTER_BENIGN
A001047,CAM_CLUSTER_BENIGN
A001048,CAM_CLUSTER_BENIGN
A001049,CAM_CLUSTER_BENIGN
A001050,CAM_CLUSTER_BENIGN
A001051,CAM_CLUSTER_BENIGN
A001052,CAM_CLUSTER_MIX
A001053,CAM_CLUSTER_BENIGN
A001054,CAM_CLUSTER_000
A001055,CAM_CLUSTER_MIX
A001056,CAM_CLUSTER_BENIGN
A001057,CAM_CLUSTER_BENIGN
A001058,CAM_CLUSTER_BENIGN
A001059,CAM_CLUSTER_BENIGN
A001060,CAM_CLUSTER_BENIGN
A001061,CAM_CLUSTER_BENIGN
A001062,CAM_CLUSTER_BENIGN
A001063,CAM_CLUSTER_BENIGN
A001064,CAM_CLUSTER_SUS
A001065,CAM_CLUSTER_BENIGN
A001066,CAM_CLUSTER_BENIGN
A001067,CAM_CLUSTER_BENIGN
A001068,CAM_CLUSTER_BENIGN
A001069,CAM_CLUSTER_BENIGN
A001070,CAM_CLUSTER_BENIGN
A001071,CAM_CLUSTER_BENIGN
A001072,CAM_CLUSTER_BENIGN
A001073,CAM_CLUSTER_BENIGN
A001074,CAM_CLUSTER_BENIGN
A001075,CAM_CLUSTER_SUS
A001076,CAM_CLUSTER_BENIGN
A001077,CAM_CLUSTER_BENIGN
A001078,CAM_CLUSTER_BENIGN
A001079,CAM_CLUSTER_BENIGN
A001080,CAM_CLUSTER_BENIGN
A001081,CAM_CLUSTER_BENIGN
A001082,CAM_CLUSTER_BENIGN
A001083,CAM_CLUSTER_BENIGN
A001084,CAM_CLUSTER_BENIGN
A001085,CAM_CLUSTER_BENIGN
A001086,CAM_CLUSTER_SUS
A001087,CAM_CLUSTER_SUS
A001088,CAM_CLUSTER_008
A001089,CAM_CLUSTER_BENIGN
A001090,CAM_CLUSTER_BENIGN
A001091,CAM_CLUSTER_BENIGN
A001092,CAM_CLUSTER_BENIGN
A001093,CAM_CLUSTER_BENIGN
A001094,CAM_CLUSTER_BENIGN
A001095,CAM_CLUSTER_BENIGN
A001096,CAM_CLUSTER_BENIGN
A001097,CAM_CLUSTER_BENIGN
A001098,CAM_CLUSTER_BENIGN
A001099,CAM_CLUSTER_MIX
A001100,CAM_CLUSTER_002
A001101,CAM_CLUSTER_SUS
A001102,CAM_CLUSTER_SUS
A001103,CAM_CLUSTER_006
A001104,CAM_CLUSTER_MIX
A001105,CAM_CLUSTER_MIX
A001106,CAM_CLUSTER_BENIGN
A001107,CAM_CLUSTER_BENIGN
A001108,CAM_CLUSTER_SUS
A001109,CAM_CLUSTER_SUS
A001110,CAM_CLUSTER_BENIGN
A001111,CAM_CLUSTER_SUS
A001112,CAM_CLUSTER_000
A001113,CAM_CLUSTER_BENIGN
A001114,CAM_CLUSTER_BENIGN
A001115,CAM_CLUSTER_BENIGN
A001116,CAM_CLUSTER_BENIGN
A001117,CAM_CLUSTER_BENIGN
A001118,CAM_CLUSTER_BENIGN
A001119,CAM_CLUSTER_BENIGN
A001120,CAM_CLUSTER_BENIGN
A001121,CAM_CLUSTER_001
A001122,CAM_CLUSTER_BENIGN
A001123,CAM_CLUSTER_BENIGN
A001124,CAM_CLUSTER_BENIGN
A001125,CAM_CLUSTER_MIX
A001126,CAM_CLUSTER_BENIGN
A001127,CAM_CLUSTER_SUS
A001128,CAM_CLUSTER_BENIGN
A001129,CAM_CLUSTER_SUS
A001130,CAM_CLUSTER_BENIGN
A001131,CAM_CLUSTER_BENIGN
A001132,CAM_CLUSTER_SUS
A001133,CAM_CLUSTER_SUS
A001134,CAM_CLUSTER_SUS
A001135,CAM_CLUSTER_BENIGN
A001136,CAM_CLUSTER_BENIGN
A001137,CAM_CLUSTER_BENIGN
A001138,CAM_CLUSTER_BENIGN
A001139,CAM_CLUSTER_BENIGN
A001140,CAM_CLUSTER_BENIGN
A001141,CAM_CLUSTER_SUS
A001142,CAM_CLUSTER_MIX
A001143,CAM_CLUSTER_SUS
A001144,CAM_CLUSTER_BENIGN
A001145,CAM_CLUSTER_BENIGN
A001146,CAM_CLUSTER_BENIGN
A001147,CAM_CLUSTER_BENIGN
A001148,CAM_CLUSTER_BENIGN
A001149,CAM_CLUSTER_BENIGN
A001150,CAM_CLUSTER_BENIGN
A001151,CAM_CLUSTER_BENIGN
A001152,CAM_CLUSTER_BENIGN
A001153,CAM_CLUSTER_BENIGN
A001154,CAM_CLUSTER_BENIGN
A001155,CAM_CLUSTER_BENIGN
A001156,CAM_CLUSTER_BENIGN
A001157,CAM_CLUSTER_BENIGN
A001158,CAM_CLUSTER_BENIGN
A001159,CAM_CLUSTER_BENIGN
A001160,CAM_CLUSTER_BENIGN
A001161,CAM_CLUSTER_BENIGN
A001162,CAM_CLUSTER_BENIGN
A001163,CAM_CLUSTER_BENIGN
A001164,CAM_CLUSTER_BENIGN
A001165,CAM_CLUSTER_BENIGN
A001166,CAM_CLUSTER_BENIGN
A001167,CAM_CLUSTER_BENIGN
A001168,CAM_CLUSTER_BENIGN
A001169,CAM_CLUSTER_BENIGN
A001170,CAM_CLUSTER_BENIGN
A001171,CAM_CLUSTER_BENIGN
A001172,CAM_CLUSTER_BENIGN
A001173,CAM_CLUSTER_BENIGN
A001174,CAM_CLUSTER_BENIGN
A001175,CAM_CLUSTER_BENIGN
A001176,CAM_CLUSTER_BENIGN
A001177,CAM_CLUSTER_BENIGN
A001178,CAM_CLUSTER_BENIGN
A001179,CAM_CLUSTER_BENIGN
A001180,CAM_CLUSTER_BENIGN
A001181,CAM_CLUSTER_000
A001182,CAM_CLUSTER_BENIGN
A001183,CAM_CLUSTER_BENIGN
A001184,CAM_CLUSTER_BENIGN
A001185,CAM_CLUSTER_001
A001186,CAM_CLUSTER_BENIGN
A001187,CAM_CLUSTER_SUS
A001188,CAM_CLUSTER_BENIGN
A001189,CAM_CLUSTER_BENIGN
A001190,CAM_CLUSTER_BENIGN
A001191,CAM_CLUSTER_SUS
A001192,CAM_CLUSTER_BENIGN
A001193,CAM_CLUSTER_BENIGN
A001194,CAM_CLUSTER_BENIGN
A001195,CAM_CLUSTER_BENIGN
A001196,CAM_CLUSTER_BENIGN
A001197,CAM_CLUSTER_BENIGN
A001198,CAM_CLUSTER_BENIGN
A001199,CAM_CLUSTER_BENIGN
A001200,CAM_CLUSTER_MIX
A001201,CAM_CLUSTER_BENIGN
A001202,CAM_CLUSTER_BENIGN
A001203,CAM_CLUSTER_BENIGN
A001204,CAM_CLUSTER_BENIGN
A001205,CAM_CLUSTER_BENIGN
A001206,CAM_CLUSTER_BENIGN
A001207,CAM_CLUSTER_SUS
A001208,CAM_CLUSTER_BENIGN
A001209,CAM_CLUSTER_BENIGN
A001210,CAM_CLUSTER_001
A001211,CAM_CLUSTER_BENIGN
A001212,CAM_CLUSTER_BENIGN
A001213,CAM_CLUSTER_BENIGN
A001214,CAM_CLUSTER_007
A001215,CAM_CLUSTER_BENIGN
A001216,CAM_CLUSTER_BENIGN
A001217,CAM_CLUSTER_BENIGN
A001218,CAM_CLUSTER_SUS
A001219,CAM_CLUSTER_BENIGN
A001220,CAM_CLUSTER_BENIGN
A001221,CAM_CLUSTER_BENIGN
A001222,CAM_CLUSTER_BENIGN
A001223,CAM_CLUSTER_001
A001224,CAM_CLUSTER_BENIGN
A001225,CAM_CLUSTER_BENIGN
A001226,CAM_CLUSTER_BENIGN
A001227,CAM_CLUSTER_BENIGN
A001228,CAM_CLUSTER_BENIGN
A001229,CAM_CLUSTER_BENIGN
A001230,CAM_CLUSTER_MIX
A001231,CAM_CLUSTER_BENIGN
A001232,CAM_CLUSTER_BENIGN
A001233,CAM_CLUSTER_MIX
A001234,CAM_CLUSTER_BENIGN
A001235,CAM_CLUSTER_BENIGN
A001236,CAM_CLUSTER_BENIGN
A001237,CAM_CLUSTER_BENIGN
A001238,CAM_CLUSTER_BENIGN
A001239,CAM_CLUSTER_BENIGN
A001240,CAM_CLUSTER_BENIGN
A001241,CAM_CLUSTER_BENIGN
A001242,CAM_CLUSTER_BENIGN
A001243,CAM_CLUSTER_BENIGN
A001244,CAM_CLUSTER_BENIGN
A001245,CAM_CLUSTER_MIX
A001246,CAM_CLUSTER_MIX
A001247,CAM_CLUSTER_BENIGN
A001248,CAM_CLUSTER_BENIGN
A001249,CAM_CLUSTER_BENIGN
A001250,CAM_CLUSTER_BENIGN
A001251,CAM_CLUSTER_BENIGN
A001252,CAM_CLUSTER_BENIGN
A001253,CAM_CLUSTER_BENIGN
A001254,CAM_CLUSTER_003
A001255,CAM_CLUSTER_BENIGN
A001256,CAM_CLUSTER_BENIGN
A001257,CAM_CLUSTER_BENIGN
A001258,CAM_CLUSTER_BENIGN
A001259,CAM_CLUSTER_BENIGN
A001260,CAM_CLUSTER_MIX
A001261,CAM_CLUSTER_MIX
A001262,CAM_CLUSTER_BENIGN
A001263,CAM_CLUSTER_BENIGN
A001264,CAM_CLUSTER_BENIGN
A001265,CAM_CLUSTER_MIX
A001266,CAM_CLUSTER_MIX
A001267,CAM_CLUSTER_MIX
A001268,CAM_CLUSTER_MIX
A001269,CAM_CLUSTER_MIX
A001270,CAM_CLUSTER_MIX
A001271,CAM_CLUSTER_BENIGN
A001272,CAM_CLUSTER_006
A001273,CAM_CLUSTER_BENIGN
A001274,CAM_CLUSTER_BENIGN
A001275,CAM_CLUSTER_BENIGN
A001276,CAM_CLUSTER_BENIGN
A001277,CAM_CLUSTER_BENIGN
A001278,CAM_CLUSTER_BENIGN
A001279,CAM_CLUSTER_BENIGN
A001280,CAM_CLUSTER_BENIGN
A001281,CAM_CLUSTER_BENIGN
A001282,CAM_CLUSTER_BENIGN
A001283,CAM_CLUSTER_BENIGN
A001284,CAM_CLUSTER_BENIGN
A001285,CAM_CLUSTER_BENIGN
A001286,CAM_CLUSTER_BENIGN
A001287,CAM_CLUSTER_BENIGN
A001288,CAM_CLUSTER_SUS
A001289,CAM_CLUSTER_BENIGN
A001290,CAM_CLUSTER_BENIGN
A001291,CAM_CLUSTER_BENIGN
A001292,CAM_CLUSTER_BENIGN
A001293,CAM_CLUSTER_BENIGN
A001294,CAM_CLUSTER_SUS
A001295,CAM_CLUSTER_BENIGN
A001296,CAM_CLUSTER_BENIGN
A001297,CAM_CLUSTER_BENIGN
A001298,CAM_CLUSTER_BENIGN
A001299,CAM_CLUSTER_BENIGN
A001300,CAM_CLUSTER_BENIGN
A001301,CAM_CLUSTER_BENIGN
A001302,CAM_CLUSTER_SUS
A001303,CAM_CLUSTER_BENIGN
A001304,CAM_CLUSTER_MIX
A001305,CAM_CLUSTER_BENIGN
A001306,CAM_CLUSTER_BENIGN
A001307,CAM_CLUSTER_BENIGN
A001308,CAM_CLUSTER_004
A001309,CAM_CLUSTER_BENIGN
A001310,CAM_CLUSTER_BENIGN
A001311,CAM_CLUSTER_BENIGN
A001312,CAM_CLUSTER_009
A001313,CAM_CLUSTER_BENIGN
A001314,CAM_CLUSTER_BENIGN
A001315,CAM_CLUSTER_BENIGN
A001316,CAM_CLUSTER_BENIGN
A001317,CAM_CLUSTER_SUS
A001318,CAM_CLUSTER_BENIGN
A001319,CAM_CLUSTER_BENIGN
A001320,CAM_CLUSTER_BENIGN
A001321,CAM_CLUSTER_BENIGN
A001322,CAM_CLUSTER_BENIGN
A001323,CAM_CLUSTER_BENIGN
A001324,CAM_CLUSTER_BENIGN
A001325,CAM_CLUSTER_BENIGN
A001326,CAM_CLUSTER_BENIGN
A001327,CAM_CLUSTER_BENIGN
A001328,CAM_CLUSTER_BENIGN
A001329,CAM_CLUSTER_MIX
A001330,CAM_CLUSTER_002
A001331,CAM_CLUSTER_004
A001332,CAM_CLUSTER_BENIGN
A001333,CAM_CLUSTER_BENIGN
A001334,CAM_CLUSTER_BENIGN
A001335,CAM_CLUSTER_BENIGN
A001336,CAM_CLUSTER_MIX
A001337,CAM_CLUSTER_BENIGN
A001338,CAM_CLUSTER_BENIGN
A001339,CAM_CLUSTER_BENIGN
A001340,CAM_CLUSTER_BENIGN
A001341,CAM_CLUSTER_BENIGN
A001342,CAM_CLUSTER_BENIGN
A001343,CAM_CLUSTER_BENIGN
A001344,CAM_CLUSTER_BENIGN
A001345,CAM_CLUSTER_BENIGN
A001346,CAM_CLUSTER_BENIGN
A001347,CAM_CLUSTER_BENIGN
A001348,CAM_CLUSTER_BENIGN
A001349,CAM_CLUSTER_MIX
A001350,CAM_CLUSTER_002
A001351,CAM_CLUSTER_002
A001352,CAM_CLUSTER_BENIGN
A001353,CAM_CLUSTER_BENIGN
A001354,CAM_CLUSTER_BENIGN
A001355,CAM_CLUSTER_BENIGN
A001356,CAM_CLUSTER_BENIGN
A001357,CAM_CLUSTER_BENIGN
A001358,CAM_CLUSTER_BENIGN
A001359,CAM_CLUSTER_004
A001360,CAM_CLUSTER_BENIGN
A001361,CAM_CLUSTER_BENIGN
A001362,CAM_CLUSTER_MIX
A001363,CAM_CLUSTER_MIX
A001364,CAM_CLUSTER_MIX
A001365,CAM_CLUSTER_BENIGN
A001366,CAM_CLUSTER_BENIGN
A001367,CAM_CLUSTER_BENIGN
A001368,CAM_CLUSTER_BENIGN
A001369,CAM_CLUSTER_BENIGN
A001370,CAM_CLUSTER_BENIGN
A001371,CAM_CLUSTER_SUS
A001372,CAM_CLUSTER_MIX
A001373,CAM_CLUSTER_BENIGN
A001374,CAM_CLUSTER_BENIGN
A001375,CAM_CLUSTER_BENIGN
A001376,CAM_CLUSTER_BENIGN
A001377,CAM_CLUSTER_BENIGN
A001378,CAM_CLUSTER_BENIGN
A001379,CAM_CLUSTER_BENIGN
A001380,CAM_CLUSTER_BENIGN
A001381,CAM_CLUSTER_BENIGN
A001382,CAM_CLUSTER_007
A001383,CAM_CLUSTER_BENIGN
A001384,CAM_CLUSTER_BENIGN
A001385,CAM_CLUSTER_007
A001386,CAM_CLUSTER_BENIGN
A001387,CAM_CLUSTER_BENIGN
A001388,CAM_CLUSTER_BENIGN
A001389,CAM_CLUSTER_BENIGN
A001390,CAM_CLUSTER_BENIGN
A001391,CAM_CLUSTER_MIX
A001392,CAM_CLUSTER_SUS
A001393,CAM_CLUSTER_SUS
A001394,CAM_CLUSTER_BENIGN
A001395,CAM_CLUSTER_MIX
A001396,CAM_CLUSTER_MIX
A001397,CAM_CLUSTER_BENIGN
A001398,CAM_CLUSTER_BENIGN
A001399,CAM_CLUSTER_BENIGN
A001400,CAM_CLUSTER_BENIGN
A001401,CAM_CLUSTER_BENIGN
A001402,CAM_CLUSTER_BENIGN
A001403,CAM_CLUSTER_BENIGN
A001404,CAM_CLUSTER_BENIGN
A001405,CAM_CLUSTER_BENIGN
A001406,CAM_CLUSTER_BENIGN
A001407,CAM_CLUSTER_BENIGN
A001408,CAM_CLUSTER_BENIGN
A001409,CAM_CLUSTER_BENIGN
A001410,CAM_CLUSTER_BENIGN
A001411,CAM_CLUSTER_BENIGN
A001412,CAM_CLUSTER_BENIGN
A001413,CAM_CLUSTER_BENIGN
A001414,CAM_CLUSTER_BENIGN
A001415,CAM_CLUSTER_BENIGN
A001416,CAM_CLUSTER_MIX
A001417,CAM_CLUSTER_000
A001418,CAM_CLUSTER_SUS
A001419,CAM_CLUSTER_SUS
A001420,CAM_CLUSTER_BENIGN
A001421,CAM_CLUSTER_BENIGN
A001422,CAM_CLUSTER_BENIGN
A001423,CAM_CLUSTER_BENIGN
A001424,CAM_CLUSTER_BENIGN
A001425,CAM_CLUSTER_BENIGN
A001426,CAM_CLUSTER_BENIGN
A001427,CAM_CLUSTER_BENIGN
A001428,CAM_CLUSTER_BENIGN
A001429,CAM_CLUSTER_BENIGN
A001430,CAM_CLUSTER_BENIGN
A001431,CAM_CLUSTER_BENIGN
A001432,CAM_CLUSTER_BENIGN
A001433,CAM_CLUSTER_BENIGN
A001434,CAM_CLUSTER_BENIGN
A001435,CAM_CLUSTER_BENIGN
A001436,CAM_CLUSTER_BENIGN
A001437,CAM_CLUSTER_BENIGN
A001438,CAM_CLUSTER_BENIGN
A001439,CAM_CLUSTER_BENIGN
A001440,CAM_CLUSTER_BENIGN
A001441,CAM_CLUSTER_BENIGN
A001442,CAM_CLUSTER_BENIGN
A001443,CAM_CLUSTER_BENIGN
A001444,CAM_CLUSTER_BENIGN
A001445,CAM_CLUSTER_BENIGN
A001446,CAM_CLUSTER_BENIGN
A001447,CAM_CLUSTER_BENIGN
A001448,CAM_CLUSTER_SUS
A001449,CAM_CLUSTER_SUS
A001450,CAM_CLUSTER_SUS
A001451,CAM_CLUSTER_BENIGN
A001452,CAM_CLUSTER_BENIGN
A001453,CAM_CLUSTER_BENIGN
A001454,CAM_CLUSTER_BENIGN
A001455,CAM_CLUSTER_BENIGN
A001456,CAM_CLUSTER_BENIGN
A001457,CAM_CLUSTER_BENIGN
A001458,CAM_CLUSTER_BENIGN
A001459,CAM_CLUSTER_BENIGN
A001460,CAM_CLUSTER_BENIGN
A001461,CAM_CLUSTER_BENIGN
A001462,CAM_CLUSTER_BENIGN
A001463,CAM_CLUSTER_BENIGN
A001464,CAM_CLUSTER_BENIGN
A001465,CAM_CLUSTER_BENIGN
A001466,CAM_CLUSTER_BENIGN
A001467,CAM_CLUSTER_BENIGN
A001468,CAM_CLUSTER_003
A001469,CAM_CLUSTER_SUS
A001470,CAM_CLUSTER_BENIGN
A001471,CAM_CLUSTER_BENIGN
A001472,CAM_CLUSTER_SUS
A001473,CAM_CLUSTER_BENIGN
A001474,CAM_CLUSTER_MIX
A001475,CAM_CLUSTER_BENIGN
A001476,CAM_CLUSTER_BENIGN
A001477,CAM_CLUSTER_BENIGN
A001478,CAM_CLUSTER_BENIGN
A001479,CAM_CLUSTER_BENIGN
A001480,CAM_CLUSTER_BENIGN
A001481,CAM_CLUSTER_000
A001482,CAM_CLUSTER_BENIGN
A001483,CAM_CLUSTER_BENIGN
A001484,CAM_CLUSTER_BENIGN
A001485,CAM_CLUSTER_BENIGN
A001486,CAM_CLUSTER_BENIGN
A001487,CAM_CLUSTER_BENIGN
A001488,CAM_CLUSTER_BENIGN
A001489,CAM_CLUSTER_BENIGN
A001490,CAM_CLUSTER_BENIGN
A001491,CAM_CLUSTER_BENIGN
A001492,CAM_CLUSTER_BENIGN
A001493,CAM_CLUSTER_BENIGN
A001494,CAM_CLUSTER_MIX
A001495,CAM_CLUSTER_BENIGN
A001496,CAM_CLUSTER_BENIGN
A001497,CAM_CLUSTER_BENIGN
A001498,CAM_CLUSTER_000
A001499,CAM_CLUSTER_BENIGN
A001500,CAM_CLUSTER_BENIGN
A001501,CAM_CLUSTER_SUS
A001502,CAM_CLUSTER_BENIGN
A001503,CAM_CLUSTER_BENIGN
A001504,CAM_CLUSTER_MIX
A001505,CAM_CLUSTER_MIX
A001506,CAM_CLUSTER_BENIGN
A001507,CAM_CLUSTER_BENIGN
A001508,CAM_CLUSTER_BENIGN
A001509,CAM_CLUSTER_BENIGN
A001510,CAM_CLUSTER_BENIGN
A001511,CAM_CLUSTER_SUS
A001512,CAM_CLUSTER_BENIGN
A001513,CAM_CLUSTER_BENIGN
A001514,CAM_CLUSTER_BENIGN
A001515,CAM_CLUSTER_BENIGN
A001516,CAM_CLUSTER_BENIGN
A001517,CAM_CLUSTER_BENIGN
A001518,CAM_CLUSTER_BENIGN
A001519,CAM_CLUSTER_BENIGN
A001520,CAM_CLUSTER_BENIGN
A001521,CAM_CLUSTER_BENIGN
A001522,CAM_CLUSTER_BENIGN
A001523,CAM_CLUSTER_BENIGN
A001524,CAM_CLUSTER_BENIGN
A001525,CAM_CLUSTER_SUS
A001526,CAM_CLUSTER_BENIGN
A001527,CAM_CLUSTER_BENIGN
A001528,CAM_CLUSTER_BENIGN
A001529,CAM_CLUSTER_BENIGN
A001530,CAM_CLUSTER_BENIGN
A001531,CAM_CLUSTER_BENIGN
A001532,CAM_CLUSTER_BENIGN
A001533,CAM_CLUSTER_BENIGN
A001534,CAM_CLUSTER_BENIGN
A001535,CAM_CLUSTER_BENIGN
A001536,CAM_CLUSTER_BENIGN
A001537,CAM_CLUSTER_005
A001538,CAM_CLUSTER_BENIGN
A001539,CAM_CLUSTER_BENIGN
A001540,CAM_CLUSTER_BENIGN
A001541,CAM_CLUSTER_BENIGN
A001542,CAM_CLUSTER_BENIGN
A001543,CAM_CLUSTER_BENIGN
A001544,CAM_CLUSTER_BENIGN
A001545,CAM_CLUSTER_BENIGN
A001546,CAM_CLUSTER_BENIGN
A001547,CAM_CLUSTER_001
A001548,CAM_CLUSTER_001
A001549,CAM_CLUSTER_BENIGN
A001550,CAM_CLUSTER_MIX
A001551,CAM_CLUSTER_BENIGN
A001552,CAM_CLUSTER_BENIGN
A001553,CAM_CLUSTER_SUS
A001554,CAM_CLUSTER_SUS
A001555,CAM_CLUSTER_BENIGN
A001556,CAM_CLUSTER_BENIGN
A001557,CAM_CLUSTER_BENIGN
A001558,CAM_CLUSTER_MIX
A001559,CAM_CLUSTER_BENIGN
A001560,CAM_CLUSTER_BENIGN
A001561,CAM_CLUSTER_BENIGN
A001562,CAM_CLUSTER_MIX
A001563,CAM_CLUSTER_BENIGN
A001564,CAM_CLUSTER_007
A001565,CAM_CLUSTER_BENIGN
A001566,CAM_CLUSTER_BENIGN
A001567,CAM_CLUSTER_BENIGN
A001568,CAM_CLUSTER_BENIGN
A001569,CAM_CLUSTER_BENIGN
A001570,CAM_CLUSTER_BENIGN
A001571,CAM_CLUSTER_BENIGN
A001572,CAM_CLUSTER_BENIGN
A001573,CAM_CLUSTER_BENIGN
A001574,CAM_CLUSTER_003
A001575,CAM_CLUSTER_BENIGN
A001576,CAM_CLUSTER_BENIGN
A001577,CAM_CLUSTER_BENIGN
A001578,CAM_CLUSTER_BENIGN
A001579,CAM_CLUSTER_BENIGN
A001580,CAM_CLUSTER_BENIGN
A001581,CAM_CLUSTER_BENIGN
A001582,CAM_CLUSTER_MIX
A001583,CAM_CLUSTER_BENIGN
A001584,CAM_CLUSTER_BENIGN
A001585,CAM_CLUSTER_BENIGN
A001586,CAM_CLUSTER_BENIGN
A001587,CAM_CLUSTER_BENIGN
A001588,CAM_CLUSTER_003
A001589,CAM_CLUSTER_BENIGN
A001590,CAM_CLUSTER_BENIGN
A001591,CAM_CLUSTER_BENIGN
A001592,CAM_CLUSTER_BENIGN
A001593,CAM_CLUSTER_BENIGN
A001594,CAM_CLUSTER_BENIGN
A001595,CAM_CLUSTER_BENIGN
A001596,CAM_CLUSTER_BENIGN
A001597,CAM_CLUSTER_BENIGN
A001598,CAM_CLUSTER_BENIGN
A001599,CAM_CLUSTER_SUS
A001600,CAM_CLUSTER_BENIGN
A001601,CAM_CLUSTER_BENIGN
A001602,CAM_CLUSTER_BENIGN
A001603,CAM_CLUSTER_BENIGN
A001604,CAM_CLUSTER_BENIGN
A001605,CAM_CLUSTER_BENIGN
A001606,CAM_CLUSTER_BENIGN
A001607,CAM_CLUSTER_SUS
A001608,CAM_CLUSTER_BENIGN
A001609,CAM_CLUSTER_SUS
A001610,CAM_CLUSTER_BENIGN
A001611,CAM_CLUSTER_BENIGN
A001612,CAM_CLUSTER_BENIGN
A001613,CAM_CLUSTER_BENIGN
A001614,CAM_CLUSTER_MIX
A001615,CAM_CLUSTER_BENIGN
A001616,CAM_CLUSTER_BENIGN
A001617,CAM_CLUSTER_BENIGN
A001618,CAM_CLUSTER_BENIGN
A001619,CAM_CLUSTER_BENIGN
A001620,CAM_CLUSTER_BENIGN
A001621,CAM_CLUSTER_SUS
A001622,CAM_CLUSTER_SUS
A001623,CAM_CLUSTER_MIX
A001624,CAM_CLUSTER_BENIGN
A001625,CAM_CLUSTER_BENIGN
A001626,CAM_CLUSTER_BENIGN
A001627,CAM_CLUSTER_MIX
A001628,CAM_CLUSTER_BENIGN
A001629,CAM_CLUSTER_BENIGN
A001630,CAM_CLUSTER_BENIGN
A001631,CAM_CLUSTER_BENIGN
A001632,CAM_CLUSTER_BENIGN
A001633,CAM_CLUSTER_BENIGN
A001634,CAM_CLUSTER_BENIGN
A001635,CAM_CLUSTER_BENIGN
A001636,CAM_CLUSTER_BENIGN
A001637,CAM_CLUSTER_BENIGN
A001638,CAM_CLUSTER_BENIGN
A001639,CAM_CLUSTER_BENIGN
A001640,CAM_CLUSTER_000
A001641,CAM_CLUSTER_BENIGN
A001642,CAM_CLUSTER_BENIGN
A001643,CAM_CLUSTER_BENIGN
A001644,CAM_CLUSTER_BENIGN
A001645,CAM_CLUSTER_BENIGN
A001646,CAM_CLUSTER_BENIGN
A001647,CAM_CLUSTER_BENIGN
A001648,CAM_CLUSTER_BENIGN
A001649,CAM_CLUSTER_BENIGN
A001650,CAM_CLUSTER_BENIGN
A001651,CAM_CLUSTER_BENIGN
A001652,CAM_CLUSTER_BENIGN
A001653,CAM_CLUSTER_MIX
A001654,CAM_CLUSTER_BENIGN
A001655,CAM_CLUSTER_BENIGN
A001656,CAM_CLUSTER_BENIGN
A001657,CAM_CLUSTER_BENIGN
A001658,CAM_CLUSTER_BENIGN
A001659,CAM_CLUSTER_BENIGN
A001660,CAM_CLUSTER_SUS
A001661,CAM_CLUSTER_BENIGN
A001662,CAM_CLUSTER_BENIGN
A001663,CAM_CLUSTER_SUS
A001664,CAM_CLUSTER_BENIGN
A001665,CAM_CLUSTER_BENIGN
A001666,CAM_CLUSTER_BENIGN
A001667,CAM_CLUSTER_SUS
A001668,CAM_CLUSTER_BENIGN
A001669,CAM_CLUSTER_BENIGN
A001670,CAM_CLUSTER_BENIGN
A001671,CAM_CLUSTER_BENIGN
A001672,CAM_CLUSTER_003
A001673,CAM_CLUSTER_001
A001674,CAM_CLUSTER_BENIGN
A001675,CAM_CLUSTER_BENIGN
A001676,CAM_CLUSTER_BENIGN
A001677,CAM_CLUSTER_BENIGN
A001678,CAM_CLUSTER_BENIGN
A001679,CAM_CLUSTER_SUS
A001680,CAM_CLUSTER_SUS
A001681,CAM_CLUSTER_MIX
A001682,CAM_CLUSTER_003
A001683,CAM_CLUSTER_BENIGN
A001684,CAM_CLUSTER_MIX
A001685,CAM_CLUSTER_BENIGN
A001686,CAM_CLUSTER_BENIGN
A001687,CAM_CLUSTER_BENIGN
A001688,CAM_CLUSTER_SUS
A001689,CAM_CLUSTER_BENIGN
A001690,CAM_CLUSTER_BENIGN
A001691,CAM_CLUSTER_BENIGN
A001692,CAM_CLUSTER_BENIGN
A001693,CAM_CLUSTER_BENIGN
A001694,CAM_CLUSTER_BENIGN
A001695,CAM_CLUSTER_BENIGN
A001696,CAM_CLUSTER_BENIGN
A001697,CAM_CLUSTER_BENIGN
A001698,CAM_CLUSTER_BENIGN
A001699,CAM_CLUSTER_BENIGN
A001700,CAM_CLUSTER_SUS
A001701,CAM_CLUSTER_BENIGN
A001702,CAM_CLUSTER_BENIGN
A001703,CAM_CLUSTER_BENIGN
A001704,CAM_CLUSTER_BENIGN
A001705,CAM_CLUSTER_BENIGN
A001706,CAM_CLUSTER_BENIGN
A001707,CAM_CLUSTER_BENIGN
A001708,CAM_CLUSTER_BENIGN
A001709,CAM_CLUSTER_BENIGN
A001710,CAM_CLUSTER_BENIGN
A001711,CAM_CLUSTER_BENIGN
A001712,CAM_CLUSTER_BENIGN
A001713,CAM_CLUSTER_BENIGN
A001714,CAM_CLUSTER_BENIGN
A001715,CAM_CLUSTER_BENIGN
A001716,CAM_CLUSTER_BENIGN
A001717,CAM_CLUSTER_BENIGN
A001718,CAM_CLUSTER_BENIGN
A001719,CAM_CLUSTER_MIX
A001720,CAM_CLUSTER_MIX
A001721,CAM_CLUSTER_MIX
A001722,CAM_CLUSTER_BENIGN
A001723,CAM_CLUSTER_BENIGN
A001724,CAM_CLUSTER_MIX
A001725,CAM_CLUSTER_BENIGN
A001726,CAM_CLUSTER_BENIGN
A001727,CAM_CLUSTER_BENIGN
A001728,CAM_CLUSTER_MIX
A001729,CAM_CLUSTER_BENIGN
A001730,CAM_CLUSTER_BENIGN
A001731,CAM_CLUSTER_BENIGN
A001732,CAM_CLUSTER_BENIGN
A001733,CAM_CLUSTER_MIX
A001734,CAM_CLUSTER_SUS
A001735,CAM_CLUSTER_SUS
A001736,CAM_CLUSTER_BENIGN
A001737,CAM_CLUSTER_BENIGN
A001738,CAM_CLUSTER_BENIGN
A001739,CAM_CLUSTER_006
A001740,CAM_CLUSTER_BENIGN
A001741,CAM_CLUSTER_BENIGN
A001742,CAM_CLUSTER_BENIGN
A001743,CAM_CLUSTER_BENIGN
A001744,CAM_CLUSTER_SUS
A001745,CAM_CLUSTER_BENIGN
A001746,CAM_CLUSTER_002
A001747,CAM_CLUSTER_BENIGN
A001748,CAM_CLUSTER_BENIGN
A001749,CAM_CLUSTER_MIX
A001750,CAM_CLUSTER_BENIGN
A001751,CAM_CLUSTER_010
A001752,CAM_CLUSTER_SUS
A001753,CAM_CLUSTER_BENIGN
A001754,CAM_CLUSTER_BENIGN
A001755,CAM_CLUSTER_BENIGN
A001756,CAM_CLUSTER_BENIGN
A001757,CAM_CLUSTER_BENIGN
A001758,CAM_CLUSTER_BENIGN
A001759,CAM_CLUSTER_BENIGN
A001760,CAM_CLUSTER_BENIGN
A001761,CAM_CLUSTER_BENIGN
A001762,CAM_CLUSTER_BENIGN
A001763,CAM_CLUSTER_BENIGN
A001764,CAM_CLUSTER_BENIGN
A001765,CAM_CLUSTER_BENIGN
A001766,CAM_CLUSTER_BENIGN
A001767,CAM_CLUSTER_BENIGN
A001768,CAM_CLUSTER_BENIGN
A001769,CAM_CLUSTER_BENIGN
A001770,CAM_CLUSTER_BENIGN
A001771,CAM_CLUSTER_BENIGN
A001772,CAM_CLUSTER_BENIGN
A001773,CAM_CLUSTER_BENIGN
A001774,CAM_CLUSTER_004
A001775,CAM_CLUSTER_BENIGN
A001776,CAM_CLUSTER_BENIGN
A001777,CAM_CLUSTER_BENIGN
A001778,CAM_CLUSTER_BENIGN
A001779,CAM_CLUSTER_BENIGN
A001780,CAM_CLUSTER_BENIGN
A001781,CAM_CLUSTER_BENIGN
A001782,CAM_CLUSTER_BENIGN
A001783,CAM_CLUSTER_BENIGN
A001784,CAM_CLUSTER_BENIGN
A001785,CAM_CLUSTER_BENIGN
A001786,CAM_CLUSTER_000
A001787,CAM_CLUSTER_BENIGN
A001788,CAM_CLUSTER_BENIGN
A001789,CAM_CLUSTER_BENIGN
A001790,CAM_CLUSTER_BENIGN
A001791,CAM_CLUSTER_BENIGN
A001792,CAM_CLUSTER_BENIGN
A001793,CAM_CLUSTER_BENIGN
A001794,CAM_CLUSTER_BENIGN
A001795,CAM_CLUSTER_BENIGN
A001796,CAM_CLUSTER_BENIGN
A001797,CAM_CLUSTER_BENIGN
A001798,CAM_CLUSTER_BENIGN
A001799,CAM_CLUSTER_BENIGN
A001800,CAM_CLUSTER_BENIGN
A001801,CAM_CLUSTER_BENIGN
A001802,CAM_CLUSTER_MIX
A001803,CAM_CLUSTER_MIX
A001804,CAM_CLUSTER_SUS
A001805,CAM_CLUSTER_BENIGN
A001806,CAM_CLUSTER_BENIGN
A001807,CAM_CLUSTER_BENIGN
A001808,CAM_CLUSTER_BENIGN
A001809,CAM_CLUSTER_BENIGN
A001810,CAM_CLUSTER_BENIGN
A001811,CAM_CLUSTER_MIX
A001812,CAM_CLUSTER_MIX
A001813,CAM_CLUSTER_BENIGN
A001814,CAM_CLUSTER_BENIGN
A001815,CAM_CLUSTER_BENIGN
A001816,CAM_CLUSTER_BENIGN
A001817,CAM_CLUSTER_BENIGN
A001818,CAM_CLUSTER_BENIGN
A001819,CAM_CLUSTER_BENIGN
A001820,CAM_CLUSTER_BENIGN
A001821,CAM_CLUSTER_BENIGN
A001822,CAM_CLUSTER_MIX
A001823,CAM_CLUSTER_BENIGN
A001824,CAM_CLUSTER_BENIGN
A001825,CAM_CLUSTER_BENIGN
A001826,CAM_CLUSTER_SUS
A001827,CAM_CLUSTER_BENIGN
A001828,CAM_CLUSTER_BENIGN
A001829,CAM_CLUSTER_BENIGN
A001830,CAM_CLUSTER_BENIGN
A001831,CAM_CLUSTER_BENIGN
A001832,CAM_CLUSTER_BENIGN
A001833,CAM_CLUSTER_BENIGN
A001834,CAM_CLUSTER_BENIGN
A001835,CAM_CLUSTER_BENIGN
A001836,CAM_CLUSTER_BENIGN
A001837,CAM_CLUSTER_BENIGN
A001838,CAM_CLUSTER_BENIGN
A001839,CAM_CLUSTER_BENIGN
A001840,CAM_CLUSTER_BENIGN
A001841,CAM_CLUSTER_000
A001842,CAM_CLUSTER_BENIGN
A001843,CAM_CLUSTER_BENIGN
A001844,CAM_CLUSTER_BENIGN
A001845,CAM_CLUSTER_BENIGN
A001846,CAM_CLUSTER_BENIGN
A001847,CAM_CLUSTER_002
A001848,CAM_CLUSTER_BENIGN
A001849,CAM_CLUSTER_MIX
A001850,CAM_CLUSTER_000
A001851,CAM_CLUSTER_BENIGN
A001852,CAM_CLUSTER_BENIGN
A001853,CAM_CLUSTER_BENIGN
A001854,CAM_CLUSTER_BENIGN
A001855,CAM_CLUSTER_BENIGN
A001856,CAM_CLUSTER_MIX
A001857,CAM_CLUSTER_BENIGN
A001858,CAM_CLUSTER_BENIGN
A001859,CAM_CLUSTER_BENIGN
A001860,CAM_CLUSTER_BENIGN
A001861,CAM_CLUSTER_BENIGN
A001862,CAM_CLUSTER_BENIGN
A001863,CAM_CLUSTER_BENIGN
A001864,CAM_CLUSTER_BENIGN
A001865,CAM_CLUSTER_BENIGN
A001866,CAM_CLUSTER_BENIGN
A001867,CAM_CLUSTER_BENIGN
A001868,CAM_CLUSTER_BENIGN
A001869,CAM_CLUSTER_BENIGN
A001870,CAM_CLUSTER_BENIGN
A001871,CAM_CLUSTER_005
A001872,CAM_CLUSTER_BENIGN
A001873,CAM_CLUSTER_MIX
A001874,CAM_CLUSTER_BENIGN
A001875,CAM_CLUSTER_BENIGN
A001876,CAM_CLUSTER_BENIGN
A001877,CAM_CLUSTER_BENIGN
A001878,CAM_CLUSTER_MIX
A001879,CAM_CLUSTER_006
A001880,CAM_CLUSTER_SUS
A001881,CAM_CLUSTER_001
A001882,CAM_CLUSTER_BENIGN
A001883,CAM_CLUSTER_BENIGN
A001884,CAM_CLUSTER_BENIGN
A001885,CAM_CLUSTER_BENIGN
A001886,CAM_CLUSTER_BENIGN
A001887,CAM_CLUSTER_BENIGN
A001888,CAM_CLUSTER_BENIGN
A001889,CAM_CLUSTER_BENIGN
A001890,CAM_CLUSTER_BENIGN
A001891,CAM_CLUSTER_BENIGN
A001892,CAM_CLUSTER_BENIGN
A001893,CAM_CLUSTER_BENIGN
A001894,CAM_CLUSTER_BENIGN
A001895,CAM_CLUSTER_BENIGN
A001896,CAM_CLUSTER_BENIGN
A001897,CAM_CLUSTER_BENIGN
A001898,CAM_CLUSTER_BENIGN
A001899,CAM_CLUSTER_BENIGN
A001900,CAM_CLUSTER_BENIGN
A001901,CAM_CLUSTER_BENIGN
A001902,CAM_CLUSTER_BENIGN
A001903,CAM_CLUSTER_BENIGN
A001904,CAM_CLUSTER_BENIGN
A001905,CAM_CLUSTER_BENIGN
A001906,CAM_CLUSTER_SUS
A001907,CAM_CLUSTER_SUS
A001908,CAM_CLUSTER_SUS
A001909,CAM_CLUSTER_BENIGN
A001910,CAM_CLUSTER_BENIGN
A001911,CAM_CLUSTER_BENIGN
A001912,CAM_CLUSTER_SUS
A001913,CAM_CLUSTER_SUS
A001914,CAM_CLUSTER_MIX
A001915,CAM_CLUSTER_BENIGN
A001916,CAM_CLUSTER_BENIGN
A001917,CAM_CLUSTER_001
A001918,CAM_CLUSTER_MIX
A001919,CAM_CLUSTER_MIX
A001920,CAM_CLUSTER_BENIGN
A001921,CAM_CLUSTER_BENIGN
A001922,CAM_CLUSTER_BENIGN
A001923,CAM_CLUSTER_BENIGN
A001924,CAM_CLUSTER_BENIGN
A001925,CAM_CLUSTER_BENIGN
A001926,CAM_CLUSTER_BENIGN
A001927,CAM_CLUSTER_BENIGN
A001928,CAM_CLUSTER_BENIGN
A001929,CAM_CLUSTER_BENIGN
A001930,CAM_CLUSTER_BENIGN
A001931,CAM_CLUSTER_BENIGN
A001932,CAM_CLUSTER_BENIGN
A001933,CAM_CLUSTER_BENIGN
A001934,CAM_CLUSTER_BENIGN
A001935,CAM_CLUSTER_BENIGN
A001936,CAM_CLUSTER_BENIGN
A001937,CAM_CLUSTER_BENIGN
A001938,CAM_CLUSTER_BENIGN
A001939,CAM_CLUSTER_BENIGN
A001940,CAM_CLUSTER_BENIGN
A001941,CAM_CLUSTER_BENIGN
A001942,CAM_CLUSTER_BENIGN
A001943,CAM_CLUSTER_BENIGN
A001944,CAM_CLUSTER_BENIGN
A001945,CAM_CLUSTER_SUS
A001946,CAM_CLUSTER_BENIGN
A001947,CAM_CLUSTER_BENIGN
A001948,CAM_CLUSTER_BENIGN
A001949,CAM_CLUSTER_BENIGN
A001950,CAM_CLUSTER_SUS
A001951,CAM_CLUSTER_SUS
A001952,CAM_CLUSTER_009
A001953,CAM_CLUSTER_SUS
A001954,CAM_CLUSTER_SUS
A001955,CAM_CLUSTER_MIX
A001956,CAM_CLUSTER_BENIGN
A001957,CAM_CLUSTER_BENIGN
A001958,CAM_CLUSTER_BENIGN
A001959,CAM_CLUSTER_BENIGN
A001960,CAM_CLUSTER_BENIGN
A001961,CAM_CLUSTER_BENIGN
A001962,CAM_CLUSTER_BENIGN
A001963,CAM_CLUSTER_SUS
A001964,CAM_CLUSTER_SUS
A001965,CAM_CLUSTER_BENIGN
A001966,CAM_CLUSTER_SUS
A001967,CAM_CLUSTER_SUS
A001968,CAM_CLUSTER_BENIGN
A001969,CAM_CLUSTER_BENIGN
A001970,CAM_CLUSTER_BENIGN
A001971,CAM_CLUSTER_BENIGN
A001972,CAM_CLUSTER_BENIGN
A001973,CAM_CLUSTER_BENIGN
A001974,CAM_CLUSTER_BENIGN
A001975,CAM_CLUSTER_BENIGN
A001976,CAM_CLUSTER_BENIGN
A001977,CAM_CLUSTER_BENIGN
A001978,CAM_CLUSTER_BENIGN
A001979,CAM_CLUSTER_BENIGN
A001980,CAM_CLUSTER_BENIGN
A001981,CAM_CLUSTER_BENIGN
A001982,CAM_CLUSTER_BENIGN
A001983,CAM_CLUSTER_BENIGN
A001984,CAM_CLUSTER_BENIGN
A001985,CAM_CLUSTER_BENIGN
A001986,CAM_CLUSTER_MIX
A001987,CAM_CLUSTER_BENIGN
A001988,CAM_CLUSTER_BENIGN
A001989,CAM_CLUSTER_BENIGN
A001990,CAM_CLUSTER_BENIGN
A001991,CAM_CLUSTER_BENIGN
A001992,CAM_CLUSTER_SUS
A001993,CAM_CLUSTER_SUS
A001994,CAM_CLUSTER_SUS
A001995,CAM_CLUSTER_BENIGN
A001996,CAM_CLUSTER_BENIGN
A001997,CAM_CLUSTER_004
A001998,CAM_CLUSTER_BENIGN
A001999,CAM_CLUSTER_004
A002000,CAM_CLUSTER_BENIGN
A002001,CAM_CLUSTER_BENIGN
A002002,CAM_CLUSTER_BENIGN
A002003,CAM_CLUSTER_BENIGN
A002004,CAM_CLUSTER_BENIGN
A002005,CAM_CLUSTER_BENIGN
A002006,CAM_CLUSTER_BENIGN
A002007,CAM_CLUSTER_BENIGN
A002008,CAM_CLUSTER_BENIGN
A002009,CAM_CLUSTER_BENIGN
A002010,CAM_CLUSTER_BENIGN
A002011,CAM_CLUSTER_BENIGN
A002012,CAM_CLUSTER_BENIGN
A002013,CAM_CLUSTER_BENIGN
A002014,CAM_CLUSTER_MIX
A002015,CAM_CLUSTER_SUS
A002016,CAM_CLUSTER_BENIGN
A002017,CAM_CLUSTER_BENIGN
A002018,CAM_CLUSTER_BENIGN
A002019,CAM_CLUSTER_BENIGN
A002020,CAM_CLUSTER_BENIGN
A002021,CAM_CLUSTER_BENIGN
A002022,CAM_CLUSTER_BENIGN
A002023,CAM_CLUSTER_BENIGN
A002024,CAM_CLUSTER_BENIGN
A002025,CAM_CLUSTER_MIX
A002026,CAM_CLUSTER_BENIGN
A002027,CAM_CLUSTER_BENIGN
A002028,CAM_CLUSTER_BENIGN
A002029,CAM_CLUSTER_BENIGN
A002030,CAM_CLUSTER_BENIGN
A002031,CAM_CLUSTER_BENIGN
A002032,CAM_CLUSTER_BENIGN
A002033,CAM_CLUSTER_BENIGN
A002034,CAM_CLUSTER_BENIGN
A002035,CAM_CLUSTER_BENIGN
A002036,CAM_CLUSTER_BENIGN
A002037,CAM_CLUSTER_BENIGN
A002038,CAM_CLUSTER_BENIGN
A002039,CAM_CLUSTER_BENIGN
A002040,CAM_CLUSTER_BENIGN
A002041,CAM_CLUSTER_BENIGN
A002042,CAM_CLUSTER_BENIGN
A002043,CAM_CLUSTER_BENIGN
A002044,CAM_CLUSTER_BENIGN
A002045,CAM_CLUSTER_BENIGN
A002046,CAM_CLUSTER_BENIGN
A002047,CAM_CLUSTER_BENIGN
A002048,CAM_CLUSTER_BENIGN
A002049,CAM_CLUSTER_BENIGN
A002050,CAM_CLUSTER_MIX
A002051,CAM_CLUSTER_MIX
A002052,CAM_CLUSTER_BENIGN
A002053,CAM_CLUSTER_BENIGN
A002054,CAM_CLUSTER_BENIGN
A002055,CAM_CLUSTER_BENIGN
A002056,CAM_CLUSTER_BENIGN
A002057,CAM_CLUSTER_BENIGN
A002058,CAM_CLUSTER_001
A002059,CAM_CLUSTER_BENIGN
A002060,CAM_CLUSTER_BENIGN
A002061,CAM_CLUSTER_BENIGN
A002062,CAM_CLUSTER_BENIGN
A002063,CAM_CLUSTER_BENIGN
A002064,CAM_CLUSTER_MIX
A002065,CAM_CLUSTER_BENIGN
A002066,CAM_CLUSTER_BENIGN
A002067,CAM_CLUSTER_BENIGN
A002068,CAM_CLUSTER_MIX
A002069,CAM_CLUSTER_BENIGN
A002070,CAM_CLUSTER_BENIGN
A002071,CAM_CLUSTER_BENIGN
A002072,CAM_CLUSTER_SUS
A002073,CAM_CLUSTER_BENIGN
A002074,CAM_CLUSTER_BENIGN
A002075,CAM_CLUSTER_BENIGN
A002076,CAM_CLUSTER_BENIGN
A002077,CAM_CLUSTER_BENIGN
A002078,CAM_CLUSTER_BENIGN
A002079,CAM_CLUSTER_BENIGN
A002080,CAM_CLUSTER_006
A002081,CAM_CLUSTER_BENIGN
A002082,CAM_CLUSTER_BENIGN
A002083,CAM_CLUSTER_BENIGN
A002084,CAM_CLUSTER_BENIGN
A002085,CAM_CLUSTER_SUS
A002086,CAM_CLUSTER_BENIGN
A002087,CAM_CLUSTER_BENIGN
A002088,CAM_CLUSTER_BENIGN
A002089,CAM_CLUSTER_BENIGN
A002090,CAM_CLUSTER_BENIGN
A002091,CAM_CLUSTER_BENIGN
A002092,CAM_CLUSTER_BENIGN
A002093,CAM_CLUSTER_BENIGN
A002094,CAM_CLUSTER_BENIGN
A002095,CAM_CLUSTER_BENIGN
A002096,CAM_CLUSTER_BENIGN
A002097,CAM_CLUSTER_BENIGN
A002098,CAM_CLUSTER_BENIGN
A002099,CAM_CLUSTER_BENIGN
A002100,CAM_CLUSTER_BENIGN
A002101,CAM_CLUSTER_BENIGN
A002102,CAM_CLUSTER_000
A002103,CAM_CLUSTER_SUS
A002104,CAM_CLUSTER_BENIGN
A002105,CAM_CLUSTER_BENIGN
A002106,CAM_CLUSTER_BENIGN
A002107,CAM_CLUSTER_BENIGN
A002108,CAM_CLUSTER_BENIGN
A002109,CAM_CLUSTER_BENIGN
A002110,CAM_CLUSTER_BENIGN
A002111,CAM_CLUSTER_BENIGN
A002112,CAM_CLUSTER_BENIGN
A002113,CAM_CLUSTER_BENIGN
A002114,CAM_CLUSTER_BENIGN
A002115,CAM_CLUSTER_SUS
A002116,CAM_CLUSTER_BENIGN
A002117,CAM_CLUSTER_BENIGN
A002118,CAM_CLUSTER_BENIGN
A002119,CAM_CLUSTER_BENIGN
A002120,CAM_CLUSTER_BENIGN
A002121,CAM_CLUSTER_MIX
A002122,CAM_CLUSTER_MIX
A002123,CAM_CLUSTER_BENIGN
A002124,CAM_CLUSTER_BENIGN
A002125,CAM_CLUSTER_BENIGN
A002126,CAM_CLUSTER_BENIGN
A002127,CAM_CLUSTER_BENIGN
A002128,CAM_CLUSTER_SUS
A002129,CAM_CLUSTER_BENIGN
A002130,CAM_CLUSTER_BENIGN
A002131,CAM_CLUSTER_BENIGN
A002132,CAM_CLUSTER_BENIGN
A002133,CAM_CLUSTER_BENIGN
A002134,CAM_CLUSTER_BENIGN
A002135,CAM_CLUSTER_MIX
A002136,CAM_CLUSTER_BENIGN
A002137,CAM_CLUSTER_BENIGN
A002138,CAM_CLUSTER_BENIGN
A002139,CAM_CLUSTER_BENIGN
A002140,CAM_CLUSTER_BENIGN
A002141,CAM_CLUSTER_BENIGN
A002142,CAM_CLUSTER_BENIGN
A002143,CAM_CLUSTER_BENIGN
A002144,CAM_CLUSTER_MIX
A002145,CAM_CLUSTER_MIX
A002146,CAM_CLUSTER_BENIGN
A002147,CAM_CLUSTER_MIX
A002148,CAM_CLUSTER_BENIGN
A002149,CAM_CLUSTER_BENIGN
A002150,CAM_CLUSTER_BENIGN
A002151,CAM_CLUSTER_BENIGN
A002152,CAM_CLUSTER_BENIGN
A002153,CAM_CLUSTER_BENIGN
A002154,CAM_CLUSTER_BENIGN
A002155,CAM_CLUSTER_BENIGN
A002156,CAM_CLUSTER_BENIGN
A002157,CAM_CLUSTER_MIX
A002158,CAM_CLUSTER_BENIGN
A002159,CAM_CLUSTER_BENIGN
A002160,CAM_CLUSTER_BENIGN
A002161,CAM_CLUSTER_BENIGN
A002162,CAM_CLUSTER_SUS
A002163,CAM_CLUSTER_BENIGN
A002164,CAM_CLUSTER_BENIGN
A002165,CAM_CLUSTER_BENIGN
A002166,CAM_CLUSTER_BENIGN
A002167,CAM_CLUSTER_BENIGN
A002168,CAM_CLUSTER_BENIGN
A002169,CAM_CLUSTER_MIX
A002170,CAM_CLUSTER_MIX
A002171,CAM_CLUSTER_BENIGN
A002172,CAM_CLUSTER_BENIGN
A002173,CAM_CLUSTER_003
A002174,CAM_CLUSTER_003
A002175,CAM_CLUSTER_BENIGN
A002176,CAM_CLUSTER_BENIGN
A002177,CAM_CLUSTER_BENIGN
A002178,CAM_CLUSTER_BENIGN
A002179,CAM_CLUSTER_BENIGN
A002180,CAM_CLUSTER_BENIGN
A002181,CAM_CLUSTER_BENIGN
A002182,CAM_CLUSTER_BENIGN
A002183,CAM_CLUSTER_BENIGN
A002184,CAM_CLUSTER_MIX
A002185,CAM_CLUSTER_SUS
A002186,CAM_CLUSTER_BENIGN
A002187,CAM_CLUSTER_MIX
A002188,CAM_CLUSTER_003
A002189,CAM_CLUSTER_BENIGN
A002190,CAM_CLUSTER_BENIGN
A002191,CAM_CLUSTER_BENIGN
A002192,CAM_CLUSTER_BENIGN
A002193,CAM_CLUSTER_BENIGN
A002194,CAM_CLUSTER_SUS
A002195,CAM_CLUSTER_004
A002196,CAM_CLUSTER_MIX
A002197,CAM_CLUSTER_BENIGN
A002198,CAM_CLUSTER_BENIGN
A002199,CAM_CLUSTER_BENIGN
A002200,CAM_CLUSTER_BENIGN
A002201,CAM_CLUSTER_BENIGN
A002202,CAM_CLUSTER_BENIGN
A002203,CAM_CLUSTER_BENIGN
A002204,CAM_CLUSTER_BENIGN
A002205,CAM_CLUSTER_BENIGN
A002206,CAM_CLUSTER_BENIGN
A002207,CAM_CLUSTER_BENIGN
A002208,CAM_CLUSTER_BENIGN
A002209,CAM_CLUSTER_SUS
A002210,CAM_CLUSTER_BENIGN
A002211,CAM_CLUSTER_BENIGN
A002212,CAM_CLUSTER_BENIGN
A002213,CAM_CLUSTER_BENIGN
A002214,CAM_CLUSTER_BENIGN
A002215,CAM_CLUSTER_BENIGN
A002216,CAM_CLUSTER_BENIGN
A002217,CAM_CLUSTER_BENIGN
A002218,CAM_CLUSTER_BENIGN
A002219,CAM_CLUSTER_BENIGN
A002220,CAM_CLUSTER_BENIGN
A002221,CAM_CLUSTER_BENIGN
A002222,CAM_CLUSTER_BENIGN
A002223,CAM_CLUSTER_BENIGN
A002224,CAM_CLUSTER_BENIGN
A002225,CAM_CLUSTER_SUS
A002226,CAM_CLUSTER_BENIGN
A002227,CAM_CLUSTER_BENIGN
A002228,CAM_CLUSTER_BENIGN
A002229,CAM_CLUSTER_SUS
A002230,CAM_CLUSTER_SUS
A002231,CAM_CLUSTER_BENIGN
A002232,CAM_CLUSTER_BENIGN
A002233,CAM_CLUSTER_BENIGN
A002234,CAM_CLUSTER_BENIGN
A002235,CAM_CLUSTER_MIX
A002236,CAM_CLUSTER_BENIGN
A002237,CAM_CLUSTER_BENIGN
A002238,CAM_CLUSTER_001
A002239,CAM_CLUSTER_MIX
A002240,CAM_CLUSTER_SUS
A002241,CAM_CLUSTER_BENIGN
A002242,CAM_CLUSTER_BENIGN
A002243,CAM_CLUSTER_BENIGN
A002244,CAM_CLUSTER_BENIGN
A002245,CAM_CLUSTER_BENIGN
A002246,CAM_CLUSTER_BENIGN
A002247,CAM_CLUSTER_BENIGN
A002248,CAM_CLUSTER_BENIGN
A002249,CAM_CLUSTER_BENIGN
A002250,CAM_CLUSTER_BENIGN
A002251,CAM_CLUSTER_BENIGN
A002252,CAM_CLUSTER_004
A002253,CAM_CLUSTER_MIX
A002254,CAM_CLUSTER_MIX
A002255,CAM_CLUSTER_BENIGN
A002256,CAM_CLUSTER_BENIGN
A002257,CAM_CLUSTER_BENIGN
A002258,CAM_CLUSTER_BENIGN
A002259,CAM_CLUSTER_BENIGN
A002260,CAM_CLUSTER_BENIGN
A002261,CAM_CLUSTER_BENIGN
A002262,CAM_CLUSTER_BENIGN
A002263,CAM_CLUSTER_BENIGN
A002264,CAM_CLUSTER_BENIGN
A002265,CAM_CLUSTER_BENIGN
A002266,CAM_CLUSTER_BENIGN
A002267,CAM_CLUSTER_BENIGN
A002268,CAM_CLUSTER_BENIGN
A002269,CAM_CLUSTER_BENIGN
A002270,CAM_CLUSTER_SUS
A002271,CAM_CLUSTER_BENIGN
A002272,CAM_CLUSTER_BENIGN
A002273,CAM_CLUSTER_SUS
A002274,CAM_CLUSTER_SUS
A002275,CAM_CLUSTER_SUS
A002276,CAM_CLUSTER_BENIGN
A002277,CAM_CLUSTER_BENIGN
A002278,CAM_CLUSTER_BENIGN
A002279,CAM_CLUSTER_BENIGN
A002280,CAM_CLUSTER_BENIGN
A002281,CAM_CLUSTER_BENIGN
A002282,CAM_CLUSTER_BENIGN
A002283,CAM_CLUSTER_SUS
A002284,CAM_CLUSTER_SUS
A002285,CAM_CLUSTER_BENIGN
A002286,CAM_CLUSTER_BENIGN
A002287,CAM_CLUSTER_BENIGN
A002288,CAM_CLUSTER_BENIGN
A002289,CAM_CLUSTER_BENIGN
A002290,CAM_CLUSTER_SUS
A002291,CAM_CLUSTER_SUS
A002292,CAM_CLUSTER_004
A002293,CAM_CLUSTER_SUS
A002294,CAM_CLUSTER_BENIGN
A002295,CAM_CLUSTER_BENIGN
A002296,CAM_CLUSTER_BENIGN
A002297,CAM_CLUSTER_SUS
A002298,CAM_CLUSTER_SUS
A002299,CAM_CLUSTER_BENIGN
A002300,CAM_CLUSTER_BENIGN
A002301,CAM_CLUSTER_BENIGN
A002302,CAM_CLUSTER_BENIGN
A002303,CAM_CLUSTER_BENIGN
A002304,CAM_CLUSTER_BENIGN
A002305,CAM_CLUSTER_BENIGN
A002306,CAM_CLUSTER_BENIGN
A002307,CAM_CLUSTER_BENIGN
A002308,CAM_CLUSTER_BENIGN
A002309,CAM_CLUSTER_BENIGN
A002310,CAM_CLUSTER_BENIGN
A002311,CAM_CLUSTER_BENIGN
A002312,CAM_CLUSTER_BENIGN
A002313,CAM_CLUSTER_BENIGN
A002314,CAM_CLUSTER_BENIGN
A002315,CAM_CLUSTER_BENIGN
A002316,CAM_CLUSTER_BENIGN
A002317,CAM_CLUSTER_BENIGN
A002318,CAM_CLUSTER_BENIGN
A002319,CAM_CLUSTER_BENIGN
A002320,CAM_CLUSTER_BENIGN
A002321,CAM_CLUSTER_MIX
A002322,CAM_CLUSTER_BENIGN
A002323,CAM_CLUSTER_BENIGN
A002324,CAM_CLUSTER_BENIGN
A002325,CAM_CLUSTER_BENIGN
A002326,CAM_CLUSTER_MIX
A002327,CAM_CLUSTER_SUS
A002328,CAM_CLUSTER_SUS
A002329,CAM_CLUSTER_BENIGN
A002330,CAM_CLUSTER_BENIGN
A002331,CAM_CLUSTER_BENIGN
A002332,CAM_CLUSTER_BENIGN
A002333,CAM_CLUSTER_BENIGN
A002334,CAM_CLUSTER_BENIGN
A002335,CAM_CLUSTER_BENIGN
A002336,CAM_CLUSTER_BENIGN
A002337,CAM_CLUSTER_BENIGN
A002338,CAM_CLUSTER_BENIGN
A002339,CAM_CLUSTER_BENIGN
A002340,CAM_CLUSTER_SUS
A002341,CAM_CLUSTER_009
A002342,CAM_CLUSTER_SUS
A002343,CAM_CLUSTER_MIX
A002344,CAM_CLUSTER_BENIGN
A002345,CAM_CLUSTER_BENIGN
A002346,CAM_CLUSTER_BENIGN
A002347,CAM_CLUSTER_004
A002348,CAM_CLUSTER_BENIGN
A002349,CAM_CLUSTER_BENIGN
A002350,CAM_CLUSTER_MIX
A002351,CAM_CLUSTER_MIX
A002352,CAM_CLUSTER_MIX
A002353,CAM_CLUSTER_BENIGN
A002354,CAM_CLUSTER_BENIGN
A002355,CAM_CLUSTER_BENIGN
A002356,CAM_CLUSTER_BENIGN
A002357,CAM_CLUSTER_BENIGN
A002358,CAM_CLUSTER_SUS
A002359,CAM_CLUSTER_BENIGN
A002360,CAM_CLUSTER_BENIGN
A002361,CAM_CLUSTER_BENIGN
A002362,CAM_CLUSTER_BENIGN
A002363,CAM_CLUSTER_BENIGN
A002364,CAM_CLUSTER_BENIGN
A002365,CAM_CLUSTER_BENIGN
A002366,CAM_CLUSTER_MIX
A002367,CAM_CLUSTER_BENIGN
A002368,CAM_CLUSTER_002
A002369,CAM_CLUSTER_BENIGN
A002370,CAM_CLUSTER_BENIGN
A002371,CAM_CLUSTER_SUS
A002372,CAM_CLUSTER_BENIGN
A002373,CAM_CLUSTER_SUS
A002374,CAM_CLUSTER_BENIGN
A002375,CAM_CLUSTER_BENIGN
A002376,CAM_CLUSTER_BENIGN
A002377,CAM_CLUSTER_BENIGN
A002378,CAM_CLUSTER_BENIGN
A002379,CAM_CLUSTER_BENIGN
A002380,CAM_CLUSTER_BENIGN
A002381,CAM_CLUSTER_BENIGN
A002382,CAM_CLUSTER_BENIGN
A002383,CAM_CLUSTER_BENIGN
A002384,CAM_CLUSTER_BENIGN
A002385,CAM_CLUSTER_BENIGN
A002386,CAM_CLUSTER_BENIGN
A002387,CAM_CLUSTER_SUS
A002388,CAM_CLUSTER_008
A002389,CAM_CLUSTER_BENIGN
A002390,CAM_CLUSTER_BENIGN
A002391,CAM_CLUSTER_BENIGN
A002392,CAM_CLUSTER_BENIGN
A002393,CAM_CLUSTER_BENIGN
A002394,CAM_CLUSTER_BENIGN
A002395,CAM_CLUSTER_BENIGN
A002396,CAM_CLUSTER_BENIGN
A002397,CAM_CLUSTER_BENIGN
A002398,CAM_CLUSTER_BENIGN
A002399,CAM_CLUSTER_BENIGN
A002400,CAM_CLUSTER_BENIGN
A002401,CAM_CLUSTER_SUS
A002402,CAM_CLUSTER_003
A002403,CAM_CLUSTER_BENIGN
A002404,CAM_CLUSTER_BENIGN
A002405,CAM_CLUSTER_005
A002406,CAM_CLUSTER_BENIGN
A002407,CAM_CLUSTER_BENIGN
A002408,CAM_CLUSTER_BENIGN
A002409,CAM_CLUSTER_BENIGN
A002410,CAM_CLUSTER_BENIGN
A002411,CAM_CLUSTER_MIX
A002412,CAM_CLUSTER_SUS
A002413,CAM_CLUSTER_SUS
A002414,CAM_CLUSTER_BENIGN
A002415,CAM_CLUSTER_BENIGN
A002416,CAM_CLUSTER_BENIGN
A002417,CAM_CLUSTER_BENIGN
A002418,CAM_CLUSTER_BENIGN
A002419,CAM_CLUSTER_BENIGN
A002420,CAM_CLUSTER_BENIGN
A002421,CAM_CLUSTER_BENIGN
A002422,CAM_CLUSTER_BENIGN
A002423,CAM_CLUSTER_BENIGN
A002424,CAM_CLUSTER_BENIGN
A002425,CAM_CLUSTER_BENIGN
A002426,CAM_CLUSTER_BENIGN
A002427,CAM_CLUSTER_BENIGN
A002428,CAM_CLUSTER_BENIGN
A002429,CAM_CLUSTER_BENIGN
A002430,CAM_CLUSTER_BENIGN
A002431,CAM_CLUSTER_BENIGN
A002432,CAM_CLUSTER_BENIGN
A002433,CAM_CLUSTER_BENIGN
A002434,CAM_CLUSTER_BENIGN
A002435,CAM_CLUSTER_BENIGN
A002436,CAM_CLUSTER_BENIGN
A002437,CAM_CLUSTER_BENIGN
A002438,CAM_CLUSTER_BENIGN
A002439,CAM_CLUSTER_BENIGN
A002440,CAM_CLUSTER_SUS
A002441,CAM_CLUSTER_SUS
A002442,CAM_CLUSTER_BENIGN
A002443,CAM_CLUSTER_BENIGN
A002444,CAM_CLUSTER_BENIGN
A002445,CAM_CLUSTER_BENIGN
A002446,CAM_CLUSTER_BENIGN
A002447,CAM_CLUSTER_BENIGN
A002448,CAM_CLUSTER_BENIGN
A002449,CAM_CLUSTER_SUS
A002450,CAM_CLUSTER_BENIGN
A002451,CAM_CLUSTER_BENIGN
A002452,CAM_CLUSTER_SUS
A002453,CAM_CLUSTER_SUS
A002454,CAM_CLUSTER_BENIGN
A002455,CAM_CLUSTER_BENIGN
A002456,CAM_CLUSTER_BENIGN
A002457,CAM_CLUSTER_BENIGN
A002458,CAM_CLUSTER_BENIGN
A002459,CAM_CLUSTER_BENIGN
A002460,CAM_CLUSTER_BENIGN
A002461,CAM_CLUSTER_BENIGN
A002462,CAM_CLUSTER_BENIGN
A002463,CAM_CLUSTER_MIX
A002464,CAM_CLUSTER_MIX
A002465,CAM_CLUSTER_BENIGN
A002466,CAM_CLUSTER_BENIGN
A002467,CAM_CLUSTER_BENIGN
A002468,CAM_CLUSTER_BENIGN
A002469,CAM_CLUSTER_BENIGN
A002470,CAM_CLUSTER_BENIGN
A002471,CAM_CLUSTER_BENIGN
A002472,CAM_CLUSTER_BENIGN
A002473,CAM_CLUSTER_SUS
A002474,CAM_CLUSTER_SUS
A002475,CAM_CLUSTER_SUS
A002476,CAM_CLUSTER_MIX
A002477,CAM_CLUSTER_BENIGN
A002478,CAM_CLUSTER_BENIGN
A002479,CAM_CLUSTER_BENIGN
A002480,CAM_CLUSTER_BENIGN
A002481,CAM_CLUSTER_003
A002482,CAM_CLUSTER_003
A002483,CAM_CLUSTER_BENIGN
A002484,CAM_CLUSTER_BENIGN
A002485,CAM_CLUSTER_BENIGN
A002486,CAM_CLUSTER_BENIGN
A002487,CAM_CLUSTER_BENIGN
A002488,CAM_CLUSTER_MIX
A002489,CAM_CLUSTER_BENIGN
A002490,CAM_CLUSTER_SUS
A002491,CAM_CLUSTER_BENIGN
A002492,CAM_CLUSTER_BENIGN
A002493,CAM_CLUSTER_BENIGN
A002494,CAM_CLUSTER_BENIGN
A002495,CAM_CLUSTER_BENIGN
A002496,CAM_CLUSTER_SUS
A002497,CAM_CLUSTER_BENIGN
A002498,CAM_CLUSTER_BENIGN
A002499,CAM_CLUSTER_SUS
A002500,CAM_CLUSTER_SUS
A002501,CAM_CLUSTER_BENIGN
A002502,CAM_CLUSTER_BENIGN
A002503,CAM_CLUSTER_MIX
A002504,CAM_CLUSTER_MIX
A002505,CAM_CLUSTER_BENIGN
A002506,CAM_CLUSTER_BENIGN
A002507,CAM_CLUSTER_BENIGN
A002508,CAM_CLUSTER_001
A002509,CAM_CLUSTER_MIX
A002510,CAM_CLUSTER_MIX
A002511,CAM_CLUSTER_BENIGN
A002512,CAM_CLUSTER_BENIGN
A002513,CAM_CLUSTER_BENIGN
A002514,CAM_CLUSTER_BENIGN
A002515,CAM_CLUSTER_BENIGN
A002516,CAM_CLUSTER_BENIGN
A002517,CAM_CLUSTER_MIX
A002518,CAM_CLUSTER_BENIGN
A002519,CAM_CLUSTER_BENIGN
A002520,CAM_CLUSTER_BENIGN
A002521,CAM_CLUSTER_SUS
A002522,CAM_CLUSTER_BENIGN
A002523,CAM_CLUSTER_BENIGN
A002524,CAM_CLUSTER_BENIGN
A002525,CAM_CLUSTER_BENIGN
A002526,CAM_CLUSTER_BENIGN
A002527,CAM_CLUSTER_BENIGN
A002528,CAM_CLUSTER_MIX
A002529,CAM_CLUSTER_BENIGN
A002530,CAM_CLUSTER_BENIGN
A002531,CAM_CLUSTER_BENIGN
A002532,CAM_CLUSTER_BENIGN
A002533,CAM_CLUSTER_BENIGN
A002534,CAM_CLUSTER_BENIGN
A002535,CAM_CLUSTER_BENIGN
A002536,CAM_CLUSTER_BENIGN
A002537,CAM_CLUSTER_MIX
A002538,CAM_CLUSTER_BENIGN
A002539,CAM_CLUSTER_BENIGN
A002540,CAM_CLUSTER_BENIGN
A002541,CAM_CLUSTER_BENIGN
A002542,CAM_CLUSTER_BENIGN
A002543,CAM_CLUSTER_BENIGN
A002544,CAM_CLUSTER_SUS
A002545,CAM_CLUSTER_BENIGN
A002546,CAM_CLUSTER_BENIGN
