account_id,compromised,compromise_timestamp
A000000,0,
A000001,0,
A000002,0,
A000003,0,
A000004,1,2025-02-04 14:20:15
A000005,0,
A000006,0,
A000007,0,
A000008,0,
A000009,0,
A000010,0,
A000011,1,2025-02-10 19:49:08
A000012,0,
A000013,0,
A000014,0,
A000015,0,
A000016,0,
A000017,0,
A000018,0,
A000019,0,
A000020,0,
A000021,1,2025-01-24 17:48:01
A000022,1,2025-02-16 06:12:40
A000023,0,
A000024,0,
A000025,0,
A000026,1,2025-01-04 06:41:55
A000027,0,
A000028,0,
A000029,1,2025-01-15 06:21:02
A000030,0,
A000031,0,
A000032,0,
A000033,0,
A000034,0,
A000035,0,
A000036,0,
A000037,0,
A000038,0,
A000039,0,
A000040,0,
A000041,0,
A000042,0,
A000043,1,2025-01-05 09:34:49
A000044,1,2025-01-15 00:17:06
A000045,1,2025-01-03 19:39:39
A000046,0,
A000047,1,2025-01-20 20:41:15
A000048,1,2025-01-27 14:04:14
A000049,1,2025-01-13 07:12:48
A000050,1,2025-01-13 10:35:54
A000051,0,
A000052,1,2025-02-14 09:14:35
A000053,0,
A000054,0,
A000055,0,
A000056,0,
A000057,0,
A000058,0,
A000059,0,
A000060,0,
A000061,0,
A000062,0,
A000063,1,2025-01-02 03:16:37
A000064,0,
A000065,0,
A000066,0,
A000067,0,
A000068,0,
A000069,0,
A000070,0,
A000071,1,2025-01-15 21:18:56
A000072,1,2025-02-19 18:40:04
A000073,0,
A000074,0,
A000075,0,
A000076,0,
A000077,0,
A000078,0,
A000079,1,2025-01-21 01:09:21
A000080,1,2025-01-31 17:50:38
A000081,1,2025-01-25 16:08:27
A000082,0,
A000083,1,2025-01-02 01:39:09
A000084,1,2025-01-02 23:56:28
A000085,0,
A000086,0,
A000087,0,
A000088,0,
A000089,0,
A000090,0,
A000091,0,
A000092,0,
A000093,0,
A000094,0,
A000095,0,
A000096,0,
A000097,0,
A000098,1,2025-01-05 15:44:23
A000099,0,
A000100,0,
A000101,0,
A000102,0,
A000103,0,
A000104,0,
A000105,0,
A000106,0,
A000107,0,
A000108,0,
A000109,0,
A000110,0,
A000111,0,
A000112,0,
A000113,0,
A000114,0,
A000115,1,2025-01-26 03:16:54
A000116,0,
A000117,0,
A000118,0,
A000119,0,
A000120,0,
A000121,0,
A000122,0,
A000123,1,2025-01-19 12:25:33
A000124,1,2025-01-16 23:02:01
A000125,1,2025-01-25 01:09:36
A000126,0,
A000127,0,
A000128,0,
A000129,0,
A000130,0,
A000131,0,
A000132,0,
A000133,0,
A000134,0,
A000135,1,2025-01-19 20:25:11
A000136,0,
A000137,0,
A000138,0,
A000139,0,
A000140,0,
A000141,0,
A000142,0,
A000143,0,
A000144,0,
A000145,0,
A000146,1,2025-03-29 10:45:56
A000147,1,2025-01-03 08:16:19
A000148,0,
A000149,0,
A000150,1,2025-01-20 19:39:43
A000151,1,2025-01-04 01:38:29
A000152,0,
A000153,1,2025-02-16 05:46:20
A000154,0,
A000155,0,
A000156,0,
A000157,0,
A000158,1,2025-02-10 05:42:31
A000159,1,2025-05-27 13:54:45
A000160,0,
A000161,0,
A000162,0,
A000163,0,
A000164,1,2025-01-21 08:11:30
A000165,0,
A000166,0,
A000167,0,
A000168,0,
A000169,1,2025-02-13 19:36:10
A000170,0,
A000171,1,2025-01-17 05:55:36
A000172,0,
A000173,0,
A000174,1,2025-05-04 17:07:34
A000175,0,
A000176,1,2025-01-30 15:16:07
A000177,0,
A000178,0,
A000179,0,
A000180,0,
A000181,0,
A000182,0,
A000183,0,
A000184,0,
A000185,0,
A000186,0,
A000187,0,
A000188,1,2025-01-07 22:26:57
A000189,0,
A000190,0,
A000191,0,
A000192,0,
A000193,0,
A000194,0,
A000195,0,
A000196,0,
A000197,0,
A000198,0,
A000199,0,
A000200,0,
A000201,0,
A000202,0,
A000203,0,
A000204,0,
A000205,0,
A000206,0,
A000207,0,
A000208,0,
A000209,0,
A000210,0,
A000211,1,2025-01-09 16:35:54
A000212,0,
A000213,0,
A000214,0,
A000215,0,
A000216,0,
A000217,0,
A000218,0,
A000219,0,
A000220,1,2025-01-29 20:16:44
A000221,1,2025-06-01 06:56:54
A000222,0,
A000223,1,2025-01-09 23:41:18
A000224,0,
A000225,0,
A000226,0,
A000227,0,
A000228,0,
A000229,0,
A000230,0,
A000231,0,
A000232,0,
A000233,1,2025-01-21 20:46:50
A000234,1,2025-02-24 18:44:02
A000235,1,2025-02-23 22:03:49
A000236,0,
A000237,0,
A000238,0,
A000239,0,
A000240,0,
A000241,0,
A000242,0,
A000243,0,
A000244,0,
A000245,0,
A000246,0,
A000247,0,
A000248,0,
A000249,1,2025-02-12 10:41:41
A000250,0,
A000251,0,
A000252,0,
A000253,1,2025-01-04 19:46:15
A000254,0,
A000255,0,
A000256,0,
A000257,0,
A000258,0,
A000259,1,2025-01-29 17:40:03
A000260,0,
A000261,0,
A000262,0,
A000263,0,
A000264,0,
A000265,0,
A000266,0,
A000267,0,
A000268,0,
A000269,0,
A000270,0,
A000271,0,
A000272,1,2025-01-02 22:55:08
A000273,1,2025-01-25 05:57:26
A000274,0,
A000275,0,
A000276,0,
A000277,0,
A000278,0,
A000279,0,
A000280,0,
A000281,0,
A000282,0,
A000283,0,
A000284,0,
A000285,0,
A000286,0,
A000287,1,2025-03-04 00:38:18
A000288,1,2025-02-09 22:30:26
A000289,0,
A000290,0,
A000291,0,
A000292,0,
A000293,1,2025-01-24 16:38:55
A000294,1,2025-01-15 12:46:44
A000295,0,
A000296,0,
A000297,0,
A000298,0,
A000299,0,
A000300,0,
A000301,0,
A000302,1,2025-01-01 05:49:15
A000303,1,2025-01-01 21:01:42
A000304,0,
A000305,0,
A000306,0,
A000307,0,
A000308,0,
A000309,0,
A000310,0,
A000311,0,
A000312,0,
A000313,0,
A000314,0,
A000315,0,
A000316,0,
A000317,0,
A000318,0,
A000319,0,
A000320,0,
A000321,0,
A000322,1,2025-01-03 17:47:29
A000323,0,
A000324,0,
A000325,0,
A000326,0,
A000327,0,
A000328,0,
A000329,0,
A000330,0,
A000331,1,2025-01-20 22:33:29
A000332,1,2025-01-11 13:48:49
A000333,0,
A000334,0,
A000335,0,
A000336,0,
A000337,0,
A000338,0,
A000339,0,
A000340,0,
A000341,0,
A000342,0,
A000343,0,
A000344,0,
A000345,0,
A000346,0,
A000347,0,
A000348,0,
A000349,0,
A000350,0,
A000351,0,
A000352,1,2025-01-01 14:05:35
A000353,1,2025-01-25 18:46:22
A000354,0,
A000355,0,
A000356,0,
A000357,0,
A000358,0,
A000359,0,
A000360,0,
A000361,0,
A000362,0,
A000363,0,
A000364,0,
A000365,1,2025-01-18 17:11:08
A000366,1,2025-01-28 19:10:22
A000367,0,
A000368,1,2025-01-11 06:32:15
A000369,0,
A000370,0,
A000371,1,2025-01-17 20:02:12
A000372,0,
A000373,0,
A000374,0,
A000375,0,
A000376,0,
A000377,0,
A000378,0,
A000379,1,2025-01-13 18:34:11
A000380,0,
A000381,0,
A000382,0,
A000383,0,
A000384,0,
A000385,0,
A000386,0,
A000387,0,
A000388,0,
A000389,0,
A000390,0,
A000391,0,
A000392,1,2025-01-06 02:49:20
A000393,1,2025-01-03 06:46:40
A000394,0,
A000395,0,
A000396,0,
A000397,0,
A000398,0,
A000399,1,2025-01-17 18:28:13
A000400,1,2025-01-02 01:04:33
A000401,0,
A000402,0,
A000403,0,
A000404,0,
A000405,1,2025-01-03 00:28:38
A000406,1,2025-01-12 04:32:22
A000407,0,
A000408,1,2025-02-01 10:23:49
A000409,1,2025-03-13 17:07:25
A000410,0,
A000411,0,
A000412,0,
A000413,0,
A000414,0,
A000415,0,
A000416,1,2025-01-21 06:35:48
A000417,1,2025-01-04 12:25:29
A000418,0,
A000419,1,2025-02-25 20:17:39
A000420,0,
A000421,0,
A000422,0,
A000423,0,
A000424,0,
A000425,0,
A000426,0,
A000427,0,
A000428,0,
A000429,0,
A000430,0,
A000431,1,2025-01-10 07:28:15
A000432,0,
A000433,0,
A000434,0,
A000435,0,
A000436,0,
A000437,0,
A000438,0,
A000439,0,
A000440,0,
A000441,0,
A000442,0,
A000443,0,
A000444,0,
A000445,1,2025-01-05 13:04:10
A000446,0,
A000447,0,
A000448,0,
A000449,0,
A000450,1,2025-01-09 11:05:09
A000451,1,2025-01-06 04:28:36
A000452,0,
A000453,0,
A000454,0,
A000455,0,
A000456,0,
A000457,0,
A000458,0,
A000459,0,
A000460,0,
A000461,0,
A000462,0,
A000463,0,
A000464,0,
A000465,0,
A000466,0,
A000467,0,
A000468,0,
A000469,0,
A000470,0,
A000471,0,
A000472,0,
A000473,0,
A000474,0,
A000475,0,
A000476,0,
A000477,1,2025-05-24 05:51:45
A000478,0,
A000479,0,
A000480,0,
A000481,1,2025-01-14 20:13:38
A000482,0,
A000483,0,
A000484,0,
A000485,0,
A000486,0,
A000487,0,
A000488,0,
A000489,1,2025-01-03 10:33:15
A000490,0,
A000491,0,
A000492,0,
A000493,0,
A000494,0,
A000495,0,
A000496,0,
A000497,0,
A000498,0,
A000499,0,
A000500,0,
A000501,0,
A000502,1,2025-01-12 13:09:45
A000503,0,
A000504,1,2025-01-02 10:32:19
A000505,0,
A000506,0,
A000507,0,
A000508,0,
A000509,0,
A000510,0,
A000511,0,
A000512,1,2025-01-05 13:04:08
A000513,0,
A000514,0,
A000515,0,
A000516,0,
A000517,0,
A000518,0,
A000519,0,
A000520,0,
A000521,0,
A000522,1,2025-01-11 21:49:08
A000523,0,
A000524,0,
A000525,1,2025-02-04 06:30:29
A000526,0,
A000527,0,
A000528,0,
A000529,0,
A000530,0,
A000531,0,
A000532,0,
A000533,0,
A000534,0,
A000535,1,2025-01-27 07:56:08
A000536,0,
A000537,0,
A000538,0,
A000539,0,
A000540,0,
A000541,0,
A000542,0,
A000543,0,
A000544,0,
A000545,0,
A000546,0,
A000547,0,
A000548,0,
A000549,0,
A000550,0,
A000551,0,
A000552,0,
A000553,0,
A000554,0,
A000555,0,
A000556,0,
A000557,0,
A000558,0,
A000559,0,
A000560,0,
A000561,0,
A000562,0,
A000563,0,
A000564,0,
A000565,0,
A000566,0,
A000567,0,
A000568,1,2025-01-06 13:01:50
A000569,0,
A000570,0,
A000571,0,
A000572,0,
A000573,1,2025-01-25 02:43:42
A000574,0,
A000575,0,
A000576,0,
A000577,0,
A000578,0,
A000579,0,
A000580,0,
A000581,1,2025-01-15 11:20:05
A000582,0,
A000583,0,
A000584,0,
A000585,0,
A000586,0,
A000587,0,
A000588,0,
A000589,0,
A000590,0,
A000591,1,2025-01-04 16:26:19
A000592,1,2025-01-27 16:29:47
A000593,0,
A000594,0,
A000595,0,
A000596,1,2025-01-01 15:29:34
A000597,0,
A000598,0,
A000599,0,
A000600,0,
A000601,0,
A000602,0,
A000603,0,
A000604,0,
A000605,0,
A000606,0,
A000607,0,
A000608,0,
A000609,0,
A000610,0,
A000611,0,
A000612,0,
A000613,0,
A000614,0,
A000615,1,2025-01-04 19:00:47
A000616,0,
A000617,0,
A000618,0,
A000619,0,
A000620,0,
A000621,0,
A000622,0,
A000623,0,
A000624,0,
A000625,0,
A000626,0,
A000627,0,
A000628,0,
A000629,0,
A000630,0,
A000631,0,
A000632,0,
A000633,0,
A000634,0,
A000635,0,
A000636,0,
A000637,0,
A000638,0,
A000639,0,
A000640,0,
A000641,0,
A000642,0,
A000643,0,
A000644,0,
A000645,0,
A000646,0,
A000647,0,
A000648,0,
A000649,0,
A000650,0,
A000651,0,
A000652,0,
A000653,0,
A000654,0,
A000655,0,
A000656,0,
A000657,0,
A000658,0,
A000659,0,
A000660,0,
A000661,0,
A000662,0,
A000663,0,
A000664,0,
A000665,0,
A000666,0,
A000667,0,
A000668,0,
A000669,0,
A000670,0,
A000671,0,
A000672,0,
A000673,0,
A000674,0,
A000675,0,
A000676,0,
A000677,0,
A000678,0,
A000679,1,2025-01-08 21:50:13
A000680,0,
A000681,0,
A000682,0,
A000683,0,
A000684,0,
A000685,0,
A000686,1,2025-04-04 01:33:05
A000687,0,
A000688,0,
A000689,0,
A000690,1,2025-01-22 18:30:39
A000691,1,2025-01-02 10:49:44
A000692,0,
A000693,0,
A000694,0,
A000695,0,
A000696,0,
A000697,0,
A000698,0,
A000699,0,
A000700,0,
A000701,0,
A000702,0,
A000703,0,
A000704,0,
A000705,0,
A000706,0,
A000707,0,
A000708,1,2025-01-08 14:03:02
A000709,0,
A000710,0,
A000711,0,
A000712,0,
A000713,0,
A000714,1,2025-02-06 19:12:36
A000715,0,
A000716,0,
A000717,0,
A000718,0,
A000719,1,2025-01-09 09:23:18
A000720,1,2025-03-19 03:51:45
A000721,0,
A000722,0,
A000723,0,
A000724,0,
A000725,0,
A000726,0,
A000727,1,2025-02-19 01:06:31
A000728,0,
A000729,0,
A000730,0,
A000731,0,
A000732,0,
A000733,0,
A000734,0,
A000735,1,2025-01-05 07:55:29
A000736,0,
A000737,1,2025-01-10 02:04:46
A000738,0,
A000739,0,
A000740,0,
A000741,0,
A000742,0,
A000743,0,
A000744,0,
A000745,1,2025-01-20 07:30:48
A000746,1,2025-02-25 12:55:02
A000747,0,
A000748,0,
A000749,0,
A000750,0,
A000751,0,
A000752,0,
A000753,0,
A000754,1,2025-03-23 23:06:07
A000755,0,
A000756,0,
A000757,0,
A000758,0,
A000759,0,
A000760,1,2025-01-11 10:49:17
A000761,0,
A000762,0,
A000763,0,
A000764,0,
A000765,0,
A000766,0,
A000767,0,
A000768,0,
A000769,0,
A000770,0,
A000771,1,2025-01-10 14:25:17
A000772,1,2025-01-25 11:41:11
A000773,0,
A000774,0,
A000775,0,
A000776,0,
A000777,0,
A000778,0,
A000779,0,
A000780,0,
A000781,0,
A000782,1,2025-03-06 02:25:59
A000783,0,
A000784,0,
A000785,0,
A000786,0,
A000787,0,
A000788,1,2025-01-23 08:55:01
A000789,0,
A000790,0,
A000791,0,
A000792,1,2025-01-20 22:17:36
A000793,0,
A000794,0,
A000795,0,
A000796,0,
A000797,1,2025-08-09 12:22:33
A000798,0,
A000799,0,
A000800,0,
A000801,0,
A000802,1,2025-01-19 19:51:44
A000803,1,2025-02-19 00:20:44
A000804,0,
A000805,1,2025-01-25 09:51:03
A000806,0,
A000807,1,2025-02-06 00:06:45
A000808,0,
A000809,0,
A000810,0,
A000811,0,
A000812,0,
A000813,1,2025-01-26 18:49:15
A000814,0,
A000815,0,
A000816,1,2025-01-03 21:53:27
A000817,0,
A000818,0,
A000819,0,
A000820,0,
A000821,0,
A000822,0,
A000823,0,
A000824,0,
A000825,0,
A000826,0,
A000827,0,
A000828,0,
A000829,0,
A000830,0,
A000831,0,
A000832,0,
A000833,0,
A000834,0,
A000835,0,
A000836,0,
A000837,1,2025-01-20 11:34:43
A000838,0,
A000839,0,
A000840,0,
A000841,0,
A000842,0,
A000843,1,2025-01-03 05:27:49
A000844,0,
A000845,1,2025-02-23 19:39:08
A000846,0,
A000847,0,
A000848,0,
A000849,0,
A000850,1,2025-01-02 21:47:37
A000851,0,
A000852,0,
A000853,0,
A000854,0,
A000855,0,
A000856,0,
A000857,1,2025-01-14 04:08:55
A000858,1,2025-01-24 04:12:32
A000859,0,
A000860,0,
A000861,0,
A000862,0,
A000863,0,
A000864,0,
A000865,0,
A000866,0,
A000867,0,
A000868,0,
A000869,1,2025-01-27 05:06:17
A000870,0,
A000871,0,
A000872,0,
A000873,0,
A000874,0,
A000875,0,
A000876,0,
A000877,0,
A000878,1,2025-01-19 01:50:58
A000879,1,2025-01-10 07:13:38
A000880,0,
A000881,0,
A000882,0,
A000883,0,
A000884,0,
A000885,0,
A000886,0,
A000887,0,
A000888,0,
A000889,0,
A000890,0,
A000891,0,
A000892,0,
A000893,1,2025-02-09 07:19:05
A000894,1,2025-01-01 14:40:11
A000895,1,2025-01-05 08:53:31
A000896,0,
A000897,0,
A000898,0,
A000899,0,
A000900,0,
A000901,0,
A000902,0,
A000903,0,
A000904,0,
A000905,0,
A000906,0,
A000907,0,
A000908,0,
A000909,0,
A000910,0,
A000911,0,
A000912,0,
A000913,0,
A000914,0,
A000915,1,2025-01-14 08:58:14
A000916,0,
A000917,0,
A000918,0,
A000919,0,
A000920,0,
A000921,0,
A000922,0,
A000923,0,
A000924,0,
A000925,0,
A000926,0,
A000927,0,
A000928,0,
A000929,0,
A000930,0,
A000931,0,
A000932,0,
A000933,0,
A000934,1,2025-01-06 04:26:27
A000935,0,
A000936,0,
A000937,0,
A000938,0,
A000939,0,
A000940,0,
A000941,0,
A000942,0,
A000943,0,
A000944,1,2025-02-18 13:39:21
A000945,0,
A000946,0,
A000947,0,
A000948,0,
A000949,0,
A000950,0,
A000951,0,
A000952,0,
A000953,0,
A000954,0,
A000955,0,
A000956,0,
A000957,1,2025-02-07 21:07:00
A000958,0,
A000959,0,
A000960,0,
A000961,0,
A000962,0,
A000963,0,
A000964,0,
A000965,0,
A000966,0,
A000967,0,
A000968,0,
A000969,0,
A000970,0,
A000971,1,2025-01-16 02:47:13
A000972,0,
A000973,0,
A000974,0,
A000975,0,
A000976,0,
A000977,0,
A000978,0,
A000979,0,
A000980,0,
A000981,0,
A000982,0,
A000983,0,
A000984,1,2025-02-16 02:19:07
A000985,0,
A000986,0,
A000987,0,
A000988,0,
A000989,0,
A000990,0,
A000991,1,2025-01-03 17:39:49
A000992,1,2025-03-11 18:24:31
A000993,0,
A000994,0,
A000995,0,
A000996,1,2025-01-03 01:15:07
A000997,0,
A000998,0,
A000999,0,
A001000,0,
A001001,0,
A001002,0,
A001003,0,
A001004,0,
A001005,0,
A001006,0,
A001007,0,
A001008,0,
A001009,0,
A001010,0,
A001011,0,
A001012,0,
A001013,0,
A001014,0,
A001015,0,
A001016,0,
A001017,0,
A001018,0,
A001019,0,
A001020,0,
A001021,1,2025-04-11 01:06:08
A001022,1,2025-03-02 20:58:11
A001023,1,2025-01-29 13:42:20
A001024,1,2025-01-10 17:21:39
A001025,0,
A001026,0,
A001027,1,2025-01-11 20:48:13
A001028,0,
A001029,0,
A001030,0,
A001031,0,
A001032,0,
A001033,0,
A001034,1,2025-03-03 16:20:08
A001035,0,
A001036,0,
A001037,1,2025-02-06 12:23:56
A001038,0,
A001039,0,
A001040,0,
A001041,0,
A001042,0,
A001043,0,
A001044,0,
A001045,0,
A001046,0,
A001047,0,
A001048,0,
A001049,0,
A001050,0,
A001051,0,
A001052,1,2025-01-13 14:59:53
A001053,0,
A001054,1,2025-02-18 04:14:43
A001055,1,2025-02-20 21:02:58
A001056,0,
A001057,0,
A001058,0,
A001059,0,
A001060,0,
A001061,0,
A001062,0,
A001063,0,
A001064,0,
A001065,0,
A001066,0,
A001067,0,
A001068,0,
A001069,0,
A001070,0,
A001071,0,
A001072,0,
A001073,0,
A001074,0,
A001075,0,
A001076,0,
A001077,0,
A001078,0,
A001079,0,
A001080,0,
A001081,0,
A001082,0,
A001083,0,
A001084,0,
A001085,0,
A001086,0,
A001087,0,
A001088,1,2025-01-01 19:19:42
A001089,0,
A001090,0,
A001091,0,
A001092,0,
A001093,0,
A001094,0,
A001095,0,
A001096,0,
A001097,0,
A001098,0,
A001099,1,2025-01-02 14:26:46
A001100,1,2025-01-08 06:08:26
A001101,0,
A001102,0,
A001103,1,2025-01-31 11:38:21
A001104,1,2025-01-02 06:40:14
A001105,1,2025-01-03 06:52:37
A001106,0,
A001107,0,
A001108,0,
A001109,0,
A001110,0,
A001111,0,
A001112,1,2025-01-17 03:00:01
A001113,0,
A001114,0,
A001115,0,
A001116,0,
A001117,0,
A001118,0,
A001119,0,
A001120,0,
A001121,1,2025-01-20 02:46:48
A001122,0,
A001123,0,
A001124,0,
A001125,1,2025-01-31 11:17:50
A001126,0,
A001127,0,
A001128,0,
A001129,0,
A001130,0,
A001131,0,
A001132,0,
A001133,0,
A001134,0,
A001135,0,
A001136,0,
A001137,0,
A001138,0,
A001139,0,
A001140,0,
A001141,0,
A001142,1,2025-04-22 01:17:49
A001143,0,
A001144,0,
A001145,0,
A001146,0,
A001147,0,
A001148,0,
A001149,0,
A001150,0,
A001151,0,
A001152,0,
A001153,0,
A001154,0,
A001155,0,
A001156,0,
A001157,0,
A001158,0,
A001159,0,
A001160,0,
A001161,0,
A001162,0,
A001163,0,
A001164,0,
A001165,0,
A001166,0,
A001167,0,
A001168,0,
A001169,0,
A001170,0,
A001171,0,
A001172,0,
A001173,0,
A001174,0,
A001175,0,
A001176,0,
A001177,0,
A001178,0,
A001179,0,
A001180,0,
A001181,1,2025-01-29 16:56:40
A001182,0,
A001183,0,
A001184,0,
A001185,1,2025-02-16 19:49:44
A001186,0,
A001187,0,
A001188,0,
A001189,0,
A001190,0,
A001191,0,
A001192,0,
A001193,0,
A001194,0,
A001195,0,
A001196,0,
A001197,0,
A001198,0,
A001199,0,
A001200,1,2025-01-25 08:09:37
A001201,0,
A001202,0,
A001203,0,
A001204,0,
A001205,0,
A001206,0,
A001207,0,
A001208,0,
A001209,0,
A001210,1,2025-03-27 20:08:51
A001211,0,
A001212,0,
A001213,0,
A001214,1,2025-01-15 03:41:03
A001215,0,
A001216,0,
A001217,0,
A001218,0,
A001219,0,
A001220,0,
A001221,0,
A001222,0,
A001223,1,2025-03-14 09:24:23
A001224,0,
A001225,0,
A001226,0,
A001227,0,
A001228,0,
A001229,0,
A001230,1,2025-01-28 09:54:00
A001231,0,
A001232,0,
A001233,1,2025-01-03 21:35:46
A001234,0,
A001235,0,
A001236,0,
A001237,0,
A001238,0,
A001239,0,
A001240,0,
A001241,0,
A001242,0,
A001243,0,
A001244,0,
A001245,1,2025-01-05 11:00:38
A001246,1,2025-01-22 09:26:32
A001247,0,
A001248,0,
A001249,0,
A001250,0,
A001251,0,
A001252,0,
A001253,0,
A001254,1,2025-01-20 04:01:17
A001255,0,
A001256,0,
A001257,0,
A001258,0,
A001259,0,
A001260,1,2025-02-06 13:18:25
A001261,1,2025-01-31 08:30:04
A001262,0,
A001263,0,
A001264,0,
A001265,1,2025-01-13 18:27:33
A001266,1,2025-01-26 10:04:53
A001267,1,2025-01-04 03:23:29
A001268,1,2025-01-06 16:49:58
A001269,1,2025-02-24 20:52:45
A001270,1,2025-01-15 21:52:20
A001271,0,
A001272,1,2025-01-07 18:50:56
A001273,0,
A001274,0,
A001275,0,
A001276,0,
A001277,0,
A001278,0,
A001279,0,
A001280,0,
A001281,0,
A001282,0,
A001283,0,
A001284,0,
A001285,0,
A001286,0,
A001287,0,
A001288,0,
A001289,0,
A001290,0,
A001291,0,
A001292,0,
A001293,0,
A001294,0,
A001295,0,
A001296,0,
A001297,0,
A001298,0,
A001299,0,
A001300,0,
A001301,0,
A001302,0,
A001303,0,
A001304,1,2025-01-13 19:59:53
A001305,0,
A001306,0,
A001307,0,
A001308,1,2025-03-26 02:14:00
A001309,0,
A001310,0,
A001311,0,
A001312,1,2025-04-26 14:55:09
A001313,0,
A001314,0,
A001315,0,
A001316,0,
A001317,0,
A001318,0,
A001319,0,
A001320,0,
A001321,0,
A001322,0,
A001323,0,
A001324,0,
A001325,0,
A001326,0,
A001327,0,
A001328,0,
A001329,1,2025-03-04 04:27:46
A001330,1,2025-02-27 12:27:18
A001331,1,2025-01-12 02:46:57
A001332,0,
A001333,0,
A001334,0,
A001335,0,
A001336,1,2025-01-22 01:20:43
A001337,0,
A001338,0,
A001339,0,
A001340,0,
A001341,0,
A001342,0,
A001343,0,
A001344,0,
A001345,0,
A001346,0,
A001347,0,
A001348,0,
A001349,1,2025-01-27 04:37:28
A001350,1,2025-02-09 04:41:10
A001351,1,2025-02-20 02:59:58
A001352,0,
A001353,0,
A001354,0,
A001355,0,
A001356,0,
A001357,0,
A001358,0,
A001359,1,2025-03-16 16:16:49
A001360,0,
A001361,0,
A001362,1,2025-03-04 08:53:24
A001363,1,2025-01-29 18:19:01
A001364,1,2025-01-08 06:53:59
A001365,0,
A001366,0,
A001367,0,
A001368,0,
A001369,0,
A001370,0,
A001371,0,
A001372,1,2025-02-09 22:43:54
A001373,0,
A001374,0,
A001375,0,
A001376,0,
A001377,0,
A001378,0,
A001379,0,
A001380,0,
A001381,0,
A001382,1,2025-01-07 16:47:23
A001383,0,
A001384,0,
A001385,1,2025-03-05 03:37:30
A001386,0,
A001387,0,
A001388,0,
A001389,0,
A001390,0,
A001391,1,2025-02-20 22:51:01
A001392,0,
A001393,0,
A001394,0,
A001395,1,2025-01-09 17:29:45
A001396,1,2025-01-16 19:59:00
A001397,0,
A001398,0,
A001399,0,
A001400,0,
A001401,0,
A001402,0,
A001403,0,
A001404,0,
A001405,0,
A001406,0,
A001407,0,
A001408,0,
A001409,0,
A001410,0,
A001411,0,
A001412,0,
A001413,0,
A001414,0,
A001415,0,
A001416,1,2025-01-23 14:22:41
A001417,1,2025-01-18 01:50:54
A001418,0,
A001419,0,
A001420,0,
A001421,0,
A001422,0,
A001423,0,
A001424,0,
A001425,0,
A001426,0,
A001427,0,
A001428,0,
A001429,0,
A001430,0,
A001431,0,
A001432,0,
A001433,0,
A001434,0,
A001435,0,
A001436,0,
A001437,0,
A001438,0,
A001439,0,
A001440,0,
A001441,0,
A001442,0,
A001443,0,
A001444,0,
A001445,0,
A001446,0,
A001447,0,
A001448,0,
A001449,0,
A001450,0,
A001451,0,
A001452,0,
A001453,0,
A001454,0,
A001455,0,
A001456,0,
A001457,0,
A001458,0,
A001459,0,
A001460,0,
A001461,0,
A001462,0,
A001463,0,
A001464,0,
A001465,0,
A001466,0,
A001467,0,
A001468,1,2025-01-31 10:19:25
A001469,0,
A001470,0,
A001471,0,
A001472,0,
A001473,0,
A001474,1,2025-01-25 05:46:59
A001475,0,
A001476,0,
A001477,0,
A001478,0,
A001479,0,
A001480,0,
A001481,1,2025-03-12 06:49:38
A001482,0,
A001483,0,
A001484,0,
A001485,0,
A001486,0,
A001487,0,
A001488,0,
A001489,0,
A001490,0,
A001491,0,
A001492,0,
A001493,0,
A001494,1,2025-01-28 11:17:01
A001495,0,
A001496,0,
A001497,0,
A001498,1,2025-01-11 19:44:11
A001499,0,
A001500,0,
A001501,0,
A001502,0,
A001503,0,
A001504,1,2025-01-07 16:44:40
A001505,1,2025-01-25 21:40:36
A001506,0,
A001507,0,
A001508,0,
A001509,0,
A001510,0,
A001511,0,
A001512,0,
A001513,0,
A001514,0,
A001515,0,
A001516,0,
A001517,0,
A001518,0,
A001519,0,
A001520,0,
A001521,0,
A001522,0,
A001523,0,
A001524,0,
A001525,0,
A001526,0,
A001527,0,
A001528,0,
A001529,0,
A001530,0,
A001531,0,
A001532,0,
A001533,0,
A001534,0,
A001535,0,
A001536,0,
A001537,1,2025-02-10 03:00:41
A001538,0,
A001539,0,
A001540,0,
A001541,0,
A001542,0,
A001543,0,
A001544,0,
A001545,0,
A001546,0,
A001547,1,2025-03-06 06:41:05
A001548,1,2025-02-21 06:15:10
A001549,0,
A001550,1,2025-01-15 07:35:14
A001551,0,
A001552,0,
A001553,0,
A001554,0,
A001555,0,
A001556,0,
A001557,0,
A001558,1,2025-01-04 15:51:53
A001559,0,
A001560,0,
A001561,0,
A001562,1,2025-01-10 06:35:56
A001563,0,
A001564,1,2025-05-29 18:39:20
A001565,0,
A001566,0,
A001567,0,
A001568,0,
A001569,0,
A001570,0,
A001571,0,
A001572,0,
A001573,0,
A001574,1,2025-01-11 19:00:08
A001575,0,
A001576,0,
A001577,0,
A001578,0,
A001579,0,
A001580,0,
A001581,0,
A001582,1,2025-02-22 04:33:28
A001583,0,
A001584,0,
A001585,0,
A001586,0,
A001587,0,
A001588,1,2025-01-29 02:34:54
A001589,0,
A001590,0,
A001591,0,
A001592,0,
A001593,0,
A001594,0,
A001595,0,
A001596,0,
A001597,0,
A001598,0,
A001599,0,
A001600,0,
A001601,0,
A001602,0,
A001603,0,
A001604,0,
A001605,0,
A001606,0,
A001607,0,
A001608,0,
A001609,0,
A001610,0,
A001611,0,
A001612,0,
A001613,0,
A001614,1,2025-01-20 04:12:30
A001615,0,
A001616,0,
A001617,0,
A001618,0,
A001619,0,
A001620,0,
A001621,0,
A001622,0,
A001623,1,2025-01-01 07:32:23
A001624,0,
A001625,0,
A001626,0,
A001627,1,2025-01-14 20:19:55
A001628,0,
A001629,0,
A001630,0,
A001631,0,
A001632,0,
A001633,0,
A001634,0,
A001635,0,
A001636,0,
A001637,0,
A001638,0,
A001639,0,
A001640,1,2025-01-17 11:26:20
A001641,0,
A001642,0,
A001643,0,
A001644,0,
A001645,0,
A001646,0,
A001647,0,
A001648,0,
A001649,0,
A001650,0,
A001651,0,
A001652,0,
A001653,1,2025-01-04 18:20:33
A001654,0,
A001655,0,
A001656,0,
A001657,0,
A001658,0,
A001659,0,
A001660,0,
A001661,0,
A001662,0,
A001663,0,
A001664,0,
A001665,0,
A001666,0,
A001667,0,
A001668,0,
A001669,0,
A001670,0,
A001671,0,
A001672,1,2025-01-04 09:02:32
A001673,1,2025-01-10 09:53:59
A001674,0,
A001675,0,
A001676,0,
A001677,0,
A001678,0,
A001679,0,
A001680,0,
A001681,1,2025-01-17 00:01:05
A001682,1,2025-02-02 23:07:13
A001683,0,
A001684,1,2025-01-06 17:48:43
A001685,0,
A001686,0,
A001687,0,
A001688,0,
A001689,0,
A001690,0,
A001691,0,
A001692,0,
A001693,0,
A001694,0,
A001695,0,
A001696,0,
A001697,0,
A001698,0,
A001699,0,
A001700,0,
A001701,0,
A001702,0,
A001703,0,
A001704,0,
A001705,0,
A001706,0,
A001707,0,
A001708,0,
A001709,0,
A001710,0,
A001711,0,
A001712,0,
A001713,0,
A001714,0,
A001715,0,
A001716,0,
A001717,0,
A001718,0,
A001719,1,2025-01-24 06:19:35
A001720,1,2025-01-30 13:10:47
A001721,1,2025-01-06 17:53:29
A001722,0,
A001723,0,
A001724,1,2025-01-04 22:39:20
A001725,0,
A001726,0,
A001727,0,
A001728,1,2025-01-14 11:32:07
A001729,0,
A001730,0,
A001731,0,
A001732,0,
A001733,1,2025-01-17 22:31:25
A001734,0,
A001735,0,
A001736,0,
A001737,0,
A001738,0,
A001739,1,2025-01-19 17:17:07
A001740,0,
A001741,0,
A001742,0,
A001743,0,
A001744,0,
A001745,0,
A001746,1,2025-01-02 12:28:51
A001747,0,
A001748,0,
A001749,1,2025-02-06 22:49:47
A001750,0,
A001751,1,2025-02-21 22:01:49
A001752,0,
A001753,0,
A001754,0,
A001755,0,
A001756,0,
A001757,0,
A001758,0,
A001759,0,
A001760,0,
A001761,0,
A001762,0,
A001763,0,
A001764,0,
A001765,0,
A001766,0,
A001767,0,
A001768,0,
A001769,0,
A001770,0,
A001771,0,
A001772,0,
A001773,0,
A001774,1,2025-01-01 15:46:52
A001775,0,
A001776,0,
A001777,0,
A001778,0,
A001779,0,
A001780,0,
A001781,0,
A001782,0,
A001783,0,
A001784,0,
A001785,0,
A001786,1,2025-01-30 01:17:08
A001787,0,
A001788,0,
A001789,0,
A001790,0,
A001791,0,
A001792,0,
A001793,0,
A001794,0,
A001795,0,
A001796,0,
A001797,0,
A001798,0,
A001799,0,
A001800,0,
A001801,0,
A001802,1,2025-03-10 07:16:14
A001803,1,2025-01-17 22:36:22
A001804,0,
A001805,0,
A001806,0,
A001807,0,
A001808,0,
A001809,0,
A001810,0,
A001811,1,2025-01-10 14:55:19
A001812,1,2025-01-10 04:18:12
A001813,0,
A001814,0,
A001815,0,
A001816,0,
A001817,0,
A001818,0,
A001819,0,
A001820,0,
A001821,0,
A001822,1,2025-01-20 06:24:09
A001823,0,
A001824,0,
A001825,0,
A001826,0,
A001827,0,
A001828,0,
A001829,0,
A001830,0,
A001831,0,
A001832,0,
A001833,0,
A001834,0,
A001835,0,
A001836,0,
A001837,0,
A001838,0,
A001839,0,
A001840,0,
A001841,1,2025-01-07 11:14:17
A001842,0,
A001843,0,
A001844,0,
A001845,0,
A001846,0,
A001847,1,2025-01-05 09:31:36
A001848,0,
A001849,1,2025-01-08 12:03:26
A001850,1,2025-01-23 10:48:05
A001851,0,
A001852,0,
A001853,0,
A001854,0,
A001855,0,
A001856,1,2025-02-15 15:04:54
A001857,0,
A001858,0,
A001859,0,
A001860,0,
A001861,0,
A001862,0,
A001863,0,
A001864,0,
A001865,0,
A001866,0,
A001867,0,
A001868,0,
A001869,0,
A001870,0,
A001871,1,2025-01-16 21:46:55
A001872,0,
A001873,1,2025-02-24 12:49:28
A001874,0,
A001875,0,
A001876,0,
A001877,0,
A001878,1,2025-01-06 20:10:27
A001879,1,2025-01-03 04:11:24
A001880,0,
A001881,1,2025-01-02 07:13:14
A001882,0,
A001883,0,
A001884,0,
A001885,0,
A001886,0,
A001887,0,
A001888,0,
A001889,0,
A001890,0,
A001891,0,
A001892,0,
A001893,0,
A001894,0,
A001895,0,
A001896,0,
A001897,0,
A001898,0,
A001899,0,
A001900,0,
A001901,0,
A001902,0,
A001903,0,
A001904,0,
A001905,0,
A001906,0,
A001907,0,
A001908,0,
A001909,0,
A001910,0,
A001911,0,
A001912,0,
A001913,0,
A001914,1,2025-01-01 18:32:30
A001915,0,
A001916,0,
A001917,1,2025-01-06 06:20:42
A001918,1,2025-01-16 08:55:46
A001919,1,2025-03-13 06:00:00
A001920,0,
A001921,0,
A001922,0,
A001923,0,
A001924,0,
A001925,0,
A001926,0,
A001927,0,
A001928,0,
A001929,0,
A001930,0,
A001931,0,
A001932,0,
A001933,0,
A001934,0,
A001935,0,
A001936,0,
A001937,0,
A001938,0,
A001939,0,
A001940,0,
A001941,0,
A001942,0,
A001943,0,
A001944,0,
A001945,0,
A001946,0,
A001947,0,
A001948,0,
A001949,0,
A001950,0,
A001951,0,
A001952,1,2025-02-02 04:04:43
A001953,0,
A001954,0,
A001955,1,2025-03-05 15:51:24
A001956,0,
A001957,0,
A001958,0,
A001959,0,
A001960,0,
A001961,0,
A001962,0,
A001963,0,
A001964,0,
A001965,0,
A001966,0,
A001967,0,
A001968,0,
A001969,0,
A001970,0,
A001971,0,
A001972,0,
A001973,0,
A001974,0,
A001975,0,
A001976,0,
A001977,0,
A001978,0,
A001979,0,
A001980,0,
A001981,0,
A001982,0,
A001983,0,
A001984,0,
A001985,0,
A001986,1,2025-01-07 23:08:00
A001987,0,
A001988,0,
A001989,0,
A001990,0,
A001991,0,
A001992,0,
A001993,0,
A001994,0,
A001995,0,
A001996,0,
A001997,1,2025-01-05 10:33:39
A001998,0,
A001999,1,2025-02-03 07:38:36
A002000,0,
A002001,0,
A002002,0,
A002003,0,
A002004,0,
A002005,0,
A002006,0,
A002007,0,
A002008,0,
A002009,0,
A002010,0,
A002011,0,
A002012,0,
A002013,0,
A002014,1,2025-01-06 06:25:36
A002015,0,
A002016,0,
A002017,0,
A002018,0,
A002019,0,
A002020,0,
A002021,0,
A002022,0,
A002023,0,
A002024,0,
A002025,1,2025-01-22 01:56:44
A002026,0,
A002027,0,
A002028,0,
A002029,0,
A002030,0,
A002031,0,
A002032,0,
A002033,0,
A002034,0,
A002035,0,
A002036,0,
A002037,0,
A002038,0,
A002039,0,
A002040,0,
A002041,0,
A002042,0,
A002043,0,
A002044,0,
A002045,0,
A002046,0,
A002047,0,
A002048,0,
A002049,0,
A002050,1,2025-03-04 11:11:16
A002051,1,2025-01-10 11:28:06
A002052,0,
A002053,0,
A002054,0,
A002055,0,
A002056,0,
A002057,0,
A002058,1,2025-01-02 12:50:52
A002059,0,
A002060,0,
A002061,0,
A002062,0,
A002063,0,
A002064,1,2025-01-22 09:52:50
A002065,0,
A002066,0,
A002067,0,
A002068,1,2025-01-18 04:35:07
A002069,0,
A002070,0,
A002071,0,
A002072,0,
A002073,0,
A002074,0,
A002075,0,
A002076,0,
A002077,0,
A002078,0,
A002079,0,
A002080,1,2025-01-09 11:44:22
A002081,0,
A002082,0,
A002083,0,
A002084,0,
A002085,0,
A002086,0,
A002087,0,
A002088,0,
A002089,0,
A002090,0,
A002091,0,
A002092,0,
A002093,0,
A002094,0,
A002095,0,
A002096,0,
A002097,0,
A002098,0,
A002099,0,
A002100,0,
A002101,0,
A002102,1,2025-03-08 07:03:49
A002103,0,
A002104,0,
A002105,0,
A002106,0,
A002107,0,
A002108,0,
A002109,0,
A002110,0,
A002111,0,
A002112,0,
A002113,0,
A002114,0,
A002115,0,
A002116,0,
A002117,0,
A002118,0,
A002119,0,
A002120,0,
A002121,1,2025-02-05 13:21:59
A002122,1,2025-02-21 04:09:06
A002123,0,
A002124,0,
A002125,0,
A002126,0,
A002127,0,
A002128,0,
A002129,0,
A002130,0,
A002131,0,
A002132,0,
A002133,0,
A002134,0,
A002135,1,2025-01-07 00:24:00
A002136,0,
A002137,0,
A002138,0,
A002139,0,
A002140,0,
A002141,0,
A002142,0,
A002143,0,
A002144,1,2025-01-06 07:59:48
A002145,1,2025-02-04 09:00:45
A002146,0,
A002147,1,2025-01-28 14:12:59
A002148,0,
A002149,0,
A002150,0,
A002151,0,
A002152,0,
A002153,0,
A002154,0,
A002155,0,
A002156,0,
A002157,1,2025-01-22 14:26:50
A002158,0,
A002159,0,
A002160,0,
A002161,0,
A002162,0,
A002163,0,
A002164,0,
A002165,0,
A002166,0,
A002167,0,
A002168,0,
A002169,1,2025-01-21 16:05:49
A002170,1,2025-02-25 14:52:29
A002171,0,
A002172,0,
A002173,1,2025-01-03 01:46:26
A002174,1,2025-01-11 17:19:07
A002175,0,
A002176,0,
A002177,0,
A002178,0,
A002179,0,
A002180,0,
A002181,0,
A002182,0,
A002183,0,
A002184,1,2025-01-08 22:51:47
A002185,0,
A002186,0,
A002187,1,2025-02-05 20:01:11
A002188,1,2025-03-11 19:56:11
A002189,0,
A002190,0,
A002191,0,
A002192,0,
A002193,0,
A002194,0,
A002195,1,2025-03-06 05:54:50
A002196,1,2025-01-28 00:56:53
A002197,0,
A002198,0,
A002199,0,
A002200,0,
A002201,0,
A002202,0,
A002203,0,
A002204,0,
A002205,0,
A002206,0,
A002207,0,
A002208,0,
A002209,0,
A002210,0,
A002211,0,
A002212,0,
A002213,0,
A002214,0,
A002215,0,
A002216,0,
A002217,0,
A002218,0,
A002219,0,
A002220,0,
A002221,0,
A002222,0,
A002223,0,
A002224,0,
A002225,0,
A002226,0,
A002227,0,
A002228,0,
A002229,0,
A002230,0,
A002231,0,
A002232,0,
A002233,0,
A002234,0,
A002235,1,2025-01-07 06:41:22
A002236,0,
A002237,0,
A002238,1,2025-01-06 13:59:10
A002239,1,2025-01-03 21:24:47
A002240,0,
A002241,0,
A002242,0,
A002243,0,
A002244,0,
A002245,0,
A002246,0,
A002247,0,
A002248,0,
A002249,0,
A002250,0,
A002251,0,
A002252,1,2025-01-06 07:15:22
A002253,1,2025-02-04 05:37:19
A002254,1,2025-01-17 04:16:37
A002255,0,
A002256,0,
A002257,0,
A002258,0,
A002259,0,
A002260,0,
A002261,0,
A002262,0,
A002263,0,
A002264,0,
A002265,0,
A002266,0,
A002267,0,
A002268,0,
A002269,0,
A002270,0,
A002271,0,
A002272,0,
A002273,0,
A002274,0,
A002275,0,
A002276,0,
A002277,0,
A002278,0,
A002279,0,
A002280,0,
A002281,0,
A002282,0,
A002283,0,
A002284,0,
A002285,0,
A002286,0,
A002287,0,
A002288,0,
A002289,0,
A002290,0,
A002291,0,
A002292,1,2025-01-17 14:12:12
A002293,0,
A002294,0,
A002295,0,
A002296,0,
A002297,0,
A002298,0,
A002299,0,
A002300,0,
A002301,0,
A002302,0,
A002303,0,
A002304,0,
A002305,0,
A002306,0,
A002307,0,
A002308,0,
A002309,0,
A002310,0,
A002311,0,
A002312,0,
A002313,0,
A002314,0,
A002315,0,
A002316,0,
A002317,0,
A002318,0,
A002319,0,
A002320,0,
A002321,1,2025-01-26 07:51:20
A002322,0,
A002323,0,
A002324,0,
A002325,0,
A002326,1,2025-01-07 00:38:50
A002327,0,
A002328,0,
A002329,0,
A002330,0,
A002331,0,
A002332,0,
A002333,0,
A002334,0,
A002335,0,
A002336,0,
A002337,0,
A002338,0,
A002339,0,
A002340,0,
A002341,1,2025-01-20 17:33:52
A002342,0,
A002343,1,2025-01-06 18:58:13
A002344,0,
A002345,0,
A002346,0,
A002347,1,2025-01-12 09:57:09
A002348,0,
A002349,0,
A002350,1,2025-01-19 04:48:20
A002351,1,2025-02-18 06:29:18
A002352,1,2025-01-24 07:35:51
A002353,0,
A002354,0,
A002355,0,
A002356,0,
A002357,0,
A002358,0,
A002359,0,
A002360,0,
A002361,0,
A002362,0,
A002363,0,
A002364,0,
A002365,0,
A002366,1,2025-01-03 04:53:18
A002367,0,
A002368,1,2025-03-18 07:52:48
A002369,0,
A002370,0,
A002371,0,
A002372,0,
A002373,0,
A002374,0,
A002375,0,
A002376,0,
A002377,0,
A002378,0,
A002379,0,
A002380,0,
A002381,0,
A002382,0,
A002383,0,
A002384,0,
A002385,0,
A002386,0,
A002387,0,
A002388,1,2025-01-06 15:48:01
A002389,0,
A002390,0,
A002391,0,
A002392,0,
A002393,0,
A002394,0,
A002395,0,
A002396,0,
A002397,0,
A002398,0,
A002399,0,
A002400,0,
A002401,0,
A002402,1,2025-01-22 09:53:58
A002403,0,
A002404,0,
A002405,1,2025-02-09 16:01:07
A002406,0,
A002407,0,
A002408,0,
A002409,0,
A002410,0,
A002411,1,2025-02-03 06:25:52
A002412,0,
A002413,0,
A002414,0,
A002415,0,
A002416,0,
A002417,0,
A002418,0,
A002419,0,
A002420,0,
A002421,0,
A002422,0,
A002423,0,
A002424,0,
A002425,0,
A002426,0,
A002427,0,
A002428,0,
A002429,0,
A002430,0,
A002431,0,
A002432,0,
A002433,0,
A002434,0,
A002435,0,
A002436,0,
A002437,0,
A002438,0,
A002439,0,
A002440,0,
A002441,0,
A002442,0,
A002443,0,
A002444,0,
A002445,0,
A002446,0,
A002447,0,
A002448,0,
A002449,0,
A002450,0,
A002451,0,
A002452,0,
A002453,0,
A002454,0,
A002455,0,
A002456,0,
A002457,0,
A002458,0,
A002459,0,
A002460,0,
A002461,0,
A002462,0,
A002463,1,2025-02-04 10:17:09
A002464,1,2025-01-22 02:42:04
A002465,0,
A002466,0,
A002467,0,
A002468,0,
A002469,0,
A002470,0,
A002471,0,
A002472,0,
A002473,0,
A002474,0,
A002475,0,
A002476,1,2025-01-12 17:35:02
A002477,0,
A002478,0,
A002479,0,
A002480,0,
A002481,1,2025-02-05 06:10:27
A002482,1,2025-01-08 01:34:22
A002483,0,
A002484,0,
A002485,0,
A002486,0,
A002487,0,
A002488,1,2025-01-03 21:33:51
A002489,0,
A002490,0,
A002491,0,
A002492,0,
A002493,0,
A002494,0,
A002495,0,
A002496,0,
A002497,0,
A002498,0,
A002499,0,
A002500,0,
A002501,0,
A002502,0,
A002503,1,2025-01-04 21:01:07
A002504,1,2025-02-14 05:20:53
A002505,0,
A002506,0,
A002507,0,
A002508,1,2025-01-08 01:13:25
A002509,1,2025-01-01 17:55:38
A002510,1,2025-01-26 05:11:44
A002511,0,
A002512,0,
A002513,0,
A002514,0,
A002515,0,
A002516,0,
A002517,1,2025-01-11 07:20:57
A002518,0,
A002519,0,
A002520,0,
A002521,0,
A002522,0,
A002523,0,
A002524,0,
A002525,0,
A002526,0,
A002527,0,
A002528,1,2025-02-03 03:06:38
A002529,0,
A002530,0,
A002531,0,
A002532,0,
A002533,0,
A002534,0,
A002535,0,
A002536,0,
A002537,1,2025-01-01 04:35:44
A002538,0,
A002539,0,
A002540,0,
A002541,0,
A002542,0,
A002543,0,
A002544,0,
A002545,0,
A002546,0,
